Price (PHP),Bedrooms,Bath,Floor_area (sqm),Land_area (sqm),City,IsCondo,Latitude,Longitude
15916180.0,2.0,2.0,74.0,0.0,Lapu-Lapu,1,10.3051555,124.0112408
8730355.0,1.0,1.0,41.0,0.0,Lapu-Lapu,1,10.3051555,124.0112408
27448000.0,0.0,0.0,82.0,0.0,Pasig,1,14.588716,121.060009
16011000.0,1.0,0.0,58.0,0.0,Pasig,1,14.588882,121.079016
1935600.0,3.0,0.0,40.0,40.0,General Trias,0,14.35507,120.876425
7587013.0,1.0,1.0,32.0,0.0,Mandaluyong,1,14.578255,121.052143
13246000.0,1.0,1.0,46.0,0.0,Pasig,1,14.575822,121.064324
15492000.0,1.0,0.0,56.0,0.0,Pasig,1,14.588882,121.079016
26930000.0,1.0,1.0,70.0,0.0,Pasig,1,14.588377,121.059897
8360751.0,1.0,1.0,33.0,0.0,Mandaluyong,1,14.578255,121.052143
22042000.0,1.0,1.0,67.0,0.0,Pasig,1,14.575822,121.064324
5110000.0,3.0,0.0,66.0,88.0,Tayabas,0,13.962775,121.564527
8982000.0,5.0,0.0,166.0,142.0,Balanga,0,14.666375,120.54822
16487500.0,4.0,2.0,92.0,0.0,Davao,1,7.0928915,125.6056916
2089739.0,2.0,0.0,40.0,45.0,Trece Martires,0,14.2737173,120.8443843
12415000.0,1.0,1.0,41.0,0.0,Pasig,1,14.575822,121.064324
16618000.0,1.0,0.0,57.0,0.0,Pasig,1,14.588882,121.079016
18160000.0,1.0,0.0,57.0,0.0,Pasig,1,14.588882,121.079016
15669000.0,1.0,0.0,58.0,0.0,Pasig,1,14.588882,121.079016
2636000.0,2.0,0.0,40.0,54.0,Tayabas,0,13.962775,121.564527
15229000.0,1.0,0.0,56.0,0.0,Pasig,1,14.588882,121.079016
15492000.0,1.0,0.0,53.0,0.0,Pasig,1,14.588882,121.079016
15297000.0,1.0,0.0,56.0,0.0,Pasig,1,14.588882,121.079016
16602000.0,1.0,1.0,58.0,0.0,Pasig,1,14.588882,121.079016
4009821.0,1.0,1.0,22.0,0.0,Davao,1,7.0928915,125.6056916
8385000.0,5.0,0.0,100.0,194.0,Tayabas,0,13.962775,121.564527
35121000.0,2.0,2.0,106.0,0.0,Pasig,1,14.575822,121.064324
4160000.0,2.0,0.0,40.0,108.0,Tayabas,0,13.962775,121.564527
2582000.0,2.0,0.0,36.0,59.0,Tayabas,0,13.962775,121.564527
8872000.0,1.0,0.0,35.0,0.0,Pasig,1,14.588882,121.079016
3365000.0,2.0,0.0,46.0,63.0,Malolos,0,14.8743986,120.7973062
21625000.0,1.0,1.0,67.0,0.0,Pasig,1,14.575822,121.064324
21129000.0,1.0,1.0,66.0,0.0,Pasig,1,14.575822,121.064324
15972000.0,1.0,0.0,58.0,0.0,Pasig,1,14.588882,121.079016
16274000.0,1.0,0.0,57.0,0.0,Pasig,1,14.588882,121.079016
18392000.0,1.0,0.0,57.0,0.0,Pasig,1,14.588882,121.079016
15898000.0,1.0,0.0,56.0,0.0,Pasig,1,14.588882,121.079016
15627000.0,1.0,1.0,53.0,0.0,Pasig,1,14.588882,121.079016
15635000.0,1.0,0.0,56.0,0.0,Pasig,1,14.588882,121.079016
5210000.0,3.0,0.0,66.0,88.0,Taal,0,13.885835,120.955093
7735000.0,5.0,0.0,97.0,130.0,Taal,0,13.885835,120.955093
3012000.0,2.0,0.0,46.0,66.0,Taal,0,13.885835,120.955093
7751000.0,5.0,0.0,142.0,121.0,Balanga,0,14.666375,120.54822
5057000.0,3.0,0.0,66.0,94.0,Balanga,0,14.666375,120.54822
20793000.0,1.0,1.0,65.0,0.0,Pasig,1,14.575822,121.064324
11539000.0,1.0,1.0,39.0,0.0,Pasig,1,14.575822,121.064324
10744000.0,1.0,1.0,34.0,0.0,Pasig,1,14.575822,121.064324
11159000.0,1.0,1.0,38.0,0.0,Pasig,1,14.575822,121.064324
16145000.0,1.0,0.0,57.0,0.0,Pasig,1,14.588882,121.079016
11629000.0,1.0,1.0,40.0,0.0,Pasig,1,14.575822,121.064324
15492000.0,1.0,0.0,58.0,0.0,Pasig,1,14.588882,121.079016
15898000.0,1.0,1.0,56.0,0.0,Pasig,1,14.588882,121.079016
15635000.0,1.0,0.0,56.0,0.0,Pasig,1,14.588882,121.079016
11376000.0,1.0,1.0,39.0,0.0,Pasig,1,14.575822,121.064324
12517000.0,1.0,1.0,40.0,0.0,Pasig,1,14.575822,121.064324
32121000.0,2.0,2.0,104.0,0.0,Pasig,1,14.575822,121.064324
11809000.0,1.0,1.0,39.0,0.0,Pasig,1,14.575822,121.064324
10786000.0,1.0,1.0,34.0,0.0,Pasig,1,14.575822,121.064324
16755000.0,1.0,0.0,57.0,0.0,Pasig,1,14.588882,121.079016
12615000.0,1.0,1.0,45.0,0.0,Pasig,1,14.575822,121.064324
8967000.0,5.0,0.0,142.0,156.0,Taal,0,13.885835,120.955093
6380000.0,4.0,0.0,85.0,99.0,Taal,0,13.885835,120.955093
2883000.0,2.0,0.0,40.0,66.0,Taal,0,13.885835,120.955093
9696429.0,1.0,1.0,54.0,0.0,Davao,1,7.0928915,125.6056916
6592000.0,5.0,0.0,100.0,121.0,Balanga,0,14.666375,120.54822
5870000.0,4.0,0.0,83.0,110.0,Balanga,0,14.666375,120.54822
2153000.0,2.0,0.0,36.0,42.0,Balanga,0,14.666375,120.54822
9282900.0,1.0,1.0,56.0,0.0,Cebu,1,10.31589,123.905916578
8820825.0,1.0,1.0,41.0,0.0,Lapu-Lapu,1,10.3051555,124.0112408
27611000.0,1.0,1.0,70.0,0.0,Pasig,1,14.588377,121.059897
12245000.0,1.0,1.0,40.0,0.0,Pasig,1,14.575822,121.064324
21737000.0,1.0,1.0,67.0,0.0,Pasig,1,14.575822,121.064324
20577000.0,1.0,1.0,65.0,0.0,Pasig,1,14.575822,121.064324
15364000.0,1.0,0.0,56.0,0.0,Pasig,1,14.588882,121.079016
21459000.0,1.0,1.0,66.0,0.0,Pasig,1,14.575822,121.064324
12433000.0,1.0,1.0,45.0,0.0,Pasig,1,14.575822,121.064324
21361000.0,1.0,1.0,65.0,0.0,Pasig,1,14.575822,121.064324
16411000.0,1.0,0.0,57.0,0.0,Pasig,1,14.588882,121.079016
23578000.0,1.0,1.0,67.0,0.0,Pasig,1,14.575822,121.064324
16033000.0,1.0,0.0,56.0,0.0,Pasig,1,14.588882,121.079016
26888000.0,1.0,1.0,76.0,0.0,Pasig,1,14.575822,121.064324
16007000.0,1.0,0.0,57.0,0.0,Pasig,1,14.588882,121.079016
16076000.0,1.0,0.0,57.0,0.0,Pasig,1,14.588882,121.079016
21322000.0,1.0,1.0,66.0,0.0,Pasig,1,14.575822,121.064324
5898000.0,3.0,0.0,66.0,131.0,Tayabas,0,13.962775,121.564527
4592000.0,2.0,0.0,53.0,88.0,Taal,0,13.885835,120.955093
2134000.0,2.0,0.0,36.0,44.0,Taal,0,13.885835,120.955093
8122321.0,2.0,1.0,45.0,0.0,Davao,1,7.0928915,125.6056916
32507000.0,2.0,2.0,104.0,0.0,Pasig,1,14.575822,121.064324
16420000.0,1.0,1.0,57.0,0.0,Pasig,1,14.588882,121.079016
16672000.0,1.0,0.0,58.0,0.0,Pasig,1,14.588882,121.079016
16172000.0,1.0,0.0,58.0,0.0,Pasig,1,14.588882,121.079016
15737000.0,1.0,0.0,58.0,0.0,Pasig,1,14.588882,121.079016
15364000.0,1.0,0.0,56.0,0.0,Pasig,1,14.588882,121.079016
22153000.0,1.0,1.0,66.0,0.0,Pasig,1,14.575822,121.064324
13227000.0,1.0,1.0,46.0,0.0,Pasig,1,14.575822,121.064324
34033000.0,2.0,2.0,106.0,0.0,Pasig,1,14.575822,121.064324
23554000.0,1.0,1.0,70.0,0.0,Pasig,1,14.575822,121.064324
22973000.0,1.0,1.0,66.0,0.0,Pasig,1,14.575822,121.064324
22061000.0,1.0,1.0,68.0,0.0,Pasig,1,14.575822,121.064324
22089000.0,1.0,1.0,67.0,0.0,Pasig,1,14.575822,121.064324
22047000.0,1.0,1.0,65.0,0.0,Pasig,1,14.575822,121.064324
22768000.0,1.0,1.0,65.0,0.0,Pasig,1,14.575822,121.064324
33499000.0,2.0,2.0,104.0,0.0,Pasig,1,14.575822,121.064324
11761000.0,1.0,1.0,39.0,0.0,Pasig,1,14.575822,121.064324
12229000.0,1.0,1.0,40.0,0.0,Pasig,1,14.575822,121.064324
16274000.0,1.0,0.0,57.0,0.0,Pasig,1,14.588882,121.079016
16076000.0,1.0,0.0,57.0,0.0,Pasig,1,14.588882,121.079016
16274000.0,1.0,0.0,57.0,0.0,Pasig,1,14.588882,121.079016
16076000.0,1.0,0.0,57.0,0.0,Pasig,1,14.588882,121.079016
15601000.0,1.0,0.0,58.0,0.0,Pasig,1,14.588882,121.079016
16076000.0,1.0,1.0,57.0,0.0,Pasig,1,14.588882,121.079016
16322000.0,1.0,0.0,58.0,0.0,Pasig,1,14.588882,121.079016
16532000.0,1.0,0.0,58.0,0.0,Pasig,1,14.588882,121.079016
16042000.0,1.0,0.0,58.0,0.0,Pasig,1,14.588882,121.079016
16205000.0,1.0,1.0,57.0,0.0,Pasig,1,14.588882,121.079016
16742000.0,1.0,1.0,58.0,0.0,Pasig,1,14.588882,121.079016
15982000.0,1.0,0.0,58.0,0.0,Pasig,1,14.588882,121.079016
15560000.0,1.0,1.0,56.0,0.0,Pasig,1,14.588882,121.079016
15562000.0,1.0,0.0,58.0,0.0,Pasig,1,14.588882,121.079016
15352000.0,1.0,0.0,58.0,0.0,Pasig,1,14.588882,121.079016
16420000.0,1.0,0.0,57.0,0.0,Pasig,1,14.588882,121.079016
16283000.0,1.0,0.0,57.0,0.0,Pasig,1,14.588882,121.079016
15297000.0,1.0,0.0,56.0,0.0,Pasig,1,14.588882,121.079016
15560000.0,1.0,0.0,56.0,0.0,Pasig,1,14.588882,121.079016
16252000.0,1.0,0.0,58.0,0.0,Pasig,1,14.588882,121.079016
15702000.0,1.0,0.0,56.0,0.0,Pasig,1,14.588882,121.079016
16283000.0,1.0,0.0,57.0,0.0,Pasig,1,14.588882,121.079016
16351000.0,1.0,0.0,57.0,0.0,Pasig,1,14.588882,121.079016
15297000.0,1.0,0.0,56.0,0.0,Pasig,1,14.588882,121.079016
16076000.0,1.0,0.0,57.0,0.0,Pasig,1,14.588882,121.079016
15297000.0,1.0,0.0,56.0,0.0,Pasig,1,14.588882,121.079016
16076000.0,1.0,0.0,57.0,0.0,Pasig,1,14.588882,121.079016
15695000.0,1.0,0.0,56.0,0.0,Pasig,1,14.588882,121.079016
1918427.0,2.0,0.0,38.0,36.0,Trece Martires,0,14.2737173,120.8443843
3071000.0,2.0,0.0,46.0,63.0,Balanga,0,14.666375,120.54822
4382000.0,2.0,0.0,53.0,88.0,Balanga,0,14.666375,120.54822
26856000.0,1.0,1.0,76.0,0.0,Pasig,1,14.575822,121.064324
22595200.0,2.0,2.0,87.0,0.0,Pasig,1,14.583771,121.059675
4328000.0,2.0,0.0,66.0,88.0,Tayabas,0,13.962775,121.564527
9753000.0,5.0,0.0,166.0,156.0,Taal,0,13.885835,120.955093
5390000.0,3.0,0.0,66.0,88.0,Taal,0,13.885835,120.955093
6814000.0,5.0,0.0,100.0,110.0,Taal,0,13.885835,120.955093
5132000.0,2.0,0.0,53.0,99.0,Taal,0,13.885835,120.955093
2673000.0,2.0,0.0,36.0,66.0,Taal,0,13.885835,120.955093
3440000.0,2.0,0.0,50.0,63.0,Malolos,0,14.8743986,120.7973062
15364000.0,1.0,0.0,56.0,0.0,Pasig,1,14.588882,121.079016
16283000.0,1.0,0.0,57.0,0.0,Pasig,1,14.588882,121.079016
15364000.0,1.0,0.0,56.0,0.0,Pasig,1,14.588882,121.079016
25471000.0,2.0,0.0,89.0,0.0,Pasig,1,14.588882,121.079016
15830000.0,1.0,0.0,56.0,0.0,Pasig,1,14.588882,121.079016
15762000.0,1.0,0.0,58.0,0.0,Pasig,1,14.588882,121.079016
16411000.0,1.0,0.0,57.0,0.0,Pasig,1,14.588882,121.079016
16392000.0,1.0,0.0,58.0,0.0,Pasig,1,14.588882,121.079016
16322000.0,1.0,0.0,58.0,0.0,Pasig,1,14.588882,121.079016
15492000.0,1.0,0.0,56.0,0.0,Pasig,1,14.588882,121.079016
25579000.0,2.0,0.0,89.0,0.0,Pasig,1,14.588882,121.079016
16602000.0,1.0,0.0,58.0,0.0,Pasig,1,14.588882,121.079016
16402000.0,1.0,0.0,58.0,0.0,Pasig,1,14.588882,121.079016
28695000.0,2.0,0.0,89.0,0.0,Pasig,1,14.588882,121.079016
26849000.0,1.0,1.0,74.0,0.0,Pasig,1,14.588377,121.059897
26840000.0,1.0,1.0,74.0,0.0,Pasig,1,14.588377,121.059897
8830000.0,1.0,0.0,35.0,0.0,Pasig,1,14.588882,121.079016
8830000.0,1.0,0.0,35.0,0.0,Pasig,1,14.588882,121.079016
16382000.0,1.0,1.0,58.0,0.0,Pasig,1,14.588882,121.079016
12546000.0,1.0,1.0,45.0,0.0,Pasig,1,14.575822,121.064324
21828000.0,1.0,1.0,65.0,0.0,Pasig,1,14.575822,121.064324
12527000.0,1.0,1.0,45.0,0.0,Pasig,1,14.575822,121.064324
16332000.0,1.0,0.0,58.0,0.0,Pasig,1,14.588882,121.079016
21946000.0,1.0,1.0,65.0,0.0,Pasig,1,14.575822,121.064324
16007000.0,1.0,0.0,57.0,0.0,Pasig,1,14.588882,121.079016
27046000.0,1.0,1.0,70.0,0.0,Pasig,1,14.588377,121.059897
25579000.0,2.0,0.0,89.0,0.0,Pasig,1,14.588882,121.079016
22805000.0,1.0,1.0,70.0,0.0,Pasig,1,14.575822,121.064324
15492000.0,1.0,0.0,56.0,0.0,Pasig,1,14.588882,121.079016
22868000.0,1.0,1.0,67.0,0.0,Pasig,1,14.575822,121.064324
20712000.0,1.0,1.0,65.0,0.0,Pasig,1,14.575822,121.064324
22561000.0,1.0,1.0,65.0,0.0,Pasig,1,14.575822,121.064324
11853000.0,1.0,1.0,39.0,0.0,Pasig,1,14.575822,121.064324
12364000.0,1.0,1.0,41.0,0.0,Pasig,1,14.575822,121.064324
12527000.0,1.0,1.0,45.0,0.0,Pasig,1,14.575822,121.064324
12546000.0,1.0,1.0,45.0,0.0,Pasig,1,14.575822,121.064324
16332000.0,1.0,0.0,58.0,0.0,Pasig,1,14.588882,121.079016
21828000.0,1.0,1.0,65.0,0.0,Pasig,1,14.575822,121.064324
21946000.0,1.0,1.0,65.0,0.0,Pasig,1,14.575822,121.064324
28695000.0,2.0,0.0,89.0,0.0,Pasig,1,14.588882,121.079016
8830000.0,1.0,0.0,35.0,0.0,Pasig,1,14.588882,121.079016
8830000.0,1.0,0.0,35.0,0.0,Pasig,1,14.588882,121.079016
26849000.0,1.0,1.0,74.0,0.0,Pasig,1,14.588377,121.059897
26840000.0,1.0,1.0,74.0,0.0,Pasig,1,14.588377,121.059897
16382000.0,1.0,1.0,58.0,0.0,Pasig,1,14.588882,121.079016
30789000.0,2.0,2.0,104.0,0.0,Pasig,1,14.575822,121.064324
25579000.0,2.0,0.0,89.0,0.0,Pasig,1,14.588882,121.079016
27046000.0,1.0,1.0,70.0,0.0,Pasig,1,14.588377,121.059897
15492000.0,1.0,0.0,56.0,0.0,Pasig,1,14.588882,121.079016
8492000.0,1.0,1.0,35.0,0.0,Pasig,1,14.588882,121.079016
15635000.0,1.0,0.0,56.0,0.0,Pasig,1,14.588882,121.079016
16411000.0,1.0,0.0,57.0,0.0,Pasig,1,14.588882,121.079016
21370000.0,1.0,1.0,65.0,0.0,Pasig,1,14.575822,121.064324
26072000.0,1.0,1.0,76.0,0.0,Pasig,1,14.575822,121.064324
31864000.0,2.0,2.0,104.0,0.0,Pasig,1,14.575822,121.064324
21810000.0,1.0,1.0,65.0,0.0,Pasig,1,14.575822,121.064324
12261000.0,1.0,1.0,41.0,0.0,Pasig,1,14.575822,121.064324
12146000.0,1.0,1.0,40.0,0.0,Pasig,1,14.575822,121.064324
11777000.0,1.0,1.0,39.0,0.0,Pasig,1,14.575822,121.064324
11853000.0,1.0,1.0,39.0,0.0,Pasig,1,14.575822,121.064324
12364000.0,1.0,1.0,41.0,0.0,Pasig,1,14.575822,121.064324
22805000.0,1.0,1.0,70.0,0.0,Pasig,1,14.575822,121.064324
22868000.0,1.0,1.0,67.0,0.0,Pasig,1,14.575822,121.064324
20712000.0,1.0,1.0,65.0,0.0,Pasig,1,14.575822,121.064324
22561000.0,1.0,1.0,65.0,0.0,Pasig,1,14.575822,121.064324
10359000.0,1.0,1.0,33.0,0.0,Pasig,1,14.575822,121.064324
9033375.0,1.0,1.0,42.0,0.0,Lapu-Lapu,1,10.3051555,124.0112408
10733775.0,1.0,1.0,50.0,0.0,Lapu-Lapu,1,10.3051555,124.0112408
10239286.0,3.0,1.0,57.0,0.0,Davao,1,7.0928915,125.6056916
8011000.0,4.0,0.0,85.0,199.0,Tayabas,0,13.962775,121.564527
11553000.0,5.0,0.0,166.0,251.0,Tayabas,0,13.962775,121.564527
2958000.0,2.0,0.0,40.0,63.0,Balanga,0,14.666375,120.54822
2936000.0,2.0,0.0,36.0,63.0,Balanga,0,14.666375,120.54822
8407000.0,5.0,0.0,142.0,143.0,San Jose del Monte,0,14.8450503,121.0612785
16806000.0,2.0,2.0,84.0,0.0,Mandaluyong,1,14.578255,121.052143
17641900.0,2.0,2.0,74.0,0.0,Pasig,1,14.583771,121.059675
28344000.0,0.0,0.0,101.0,0.0,Pasig,1,14.587964,121.079045
8034705.0,1.0,1.0,33.0,0.0,Mandaluyong,1,14.578255,121.052143
6363100.0,2.0,1.0,35.0,0.0,Quezon City,1,14.68155,121.0198
22176571.0,3.0,3.0,128.0,0.0,Cebu,1,10.315,123.90593065695
5692980.0,3.0,0.0,73.0,140.0,Dasmarinas,0,14.287385,120.964753
9833600.0,1.0,1.0,46.0,0.0,Pasig,1,14.583771,121.059675
14488740.0,1.0,1.0,57.0,0.0,Mandaluyong,1,14.592173,121.053333
15800000.0,3.0,0.0,160.0,120.0,Cebu,0,10.36171,123.911374
8824800.0,3.0,2.0,76.0,0.0,Muntinlupa,1,14.434669,121.040194
4668600.0,2.0,1.0,58.0,0.0,Muntinlupa,1,14.434669,121.040194
3900000.0,1.0,1.0,22.0,0.0,Pasig,1,14.565391,121.06934
7900000.0,2.0,2.0,88.0,0.0,Tagaytay,1,14.119975,120.95476
6363100.0,2.0,1.0,35.0,0.0,Quezon City,1,14.68155,121.0198
5187000.0,1.0,1.0,30.0,0.0,Bacolod,1,10.6877926,122.9747478
28096000.0,0.0,0.0,101.0,0.0,Pasig,1,14.587964,121.079045
2926950.0,1.0,1.0,39.0,0.0,Cebu,1,10.36171,123.911374
2515625.0,1.0,1.0,30.0,0.0,Muntinlupa,1,14.434669,121.040194
15492000.0,1.0,0.0,53.0,0.0,Pasig,1,14.588882,121.079016
3800000.0,1.0,1.0,30.0,0.0,Quezon City,1,14.60892,121.0798
3300000.0,1.0,1.0,33.0,0.0,Baguio,1,16.419598,120.626852
3775000.0,4.0,0.0,80.0,120.0,Tanauan,0,14.0661817,121.1567437
2963760.0,1.0,1.0,24.0,0.0,Quezon City,1,14.631613,121.023475
10000000.0,2.0,3.0,54.0,0.0,San Juan,1,13.740708,121.428014
850000.0,2.0,0.0,35.0,50.0,Ozamiz,0,8.14369,123.813471
4600000.0,2.0,1.0,35.0,0.0,Baguio,1,16.39936,120.581264
17776242.0,2.0,2.0,108.0,0.0,Cebu,1,10.315,123.90592649203
6423156.0,1.0,1.0,27.0,0.0,Mandaluyong,1,14.592173,121.053333
7500000.0,2.0,1.0,53.0,0.0,Mandaluyong,1,14.571604,121.031359
2515625.0,1.0,1.0,30.0,0.0,Muntinlupa,1,14.434669,121.040194
6500000.0,2.0,1.0,48.0,0.0,Las Pinas,1,14.446596,120.987165
4900000.0,2.0,1.0,39.0,0.0,Manila,1,14.590526,120.985482
3702460.0,1.0,1.0,32.0,0.0,Davao,1,7.0867489,125.5840299
2810000.0,1.0,1.0,24.0,0.0,Cebu,1,10.3058395,123.8908567
3500000.0,1.0,1.0,22.0,0.0,Baguio,1,16.39936,120.581264
2515625.0,1.0,1.0,30.0,0.0,Muntinlupa,1,14.434669,121.040194
14600000.0,3.0,2.0,112.0,0.0,Quezon City,1,14.646511,120.996952
10281600.0,2.0,2.0,70.0,0.0,Pasay,1,14.55323,120.990226
3702460.0,1.0,1.0,32.0,0.0,Davao,1,7.0867489,125.5840299
5526622.0,2.0,2.0,58.0,0.0,Las Pinas,1,14.4324914,121.0140532
5200000.0,1.0,1.0,32.0,0.0,Cainta,1,14.583362,121.130727
3678000.0,1.0,1.0,23.0,0.0,Bacolod,1,10.6877926,122.9747478
2600000.0,1.0,1.0,22.0,0.0,Las Pinas,1,14.446596,120.987165
4200000.0,2.0,1.0,40.0,0.0,Binan,1,14.322713,121.0892395
9600000.0,2.0,2.0,83.0,0.0,Quezon City,1,14.646511,120.996952
3110000.0,1.0,1.0,33.0,0.0,Cebu,1,10.36171,123.911374
68160000.0,0.0,0.0,1136.0,0.0,San Fernando,1,15.16305,120.729066
5500000.0,2.0,1.0,54.0,0.0,Pasig,1,14.601887,121.093698
8876973.0,1.0,1.0,37.0,0.0,Pasig,1,14.583771,121.059675
2925600.0,3.0,0.0,60.0,80.0,Calamba,0,14.176345,121.122173
3000000.0,1.0,1.0,28.0,0.0,Binan,1,14.322713,121.0892395
18525000.0,3.0,2.0,195.0,0.0,Binan,1,14.2923053,121.0810444
5234791.0,3.0,0.0,75.0,112.0,Imus,0,14.4234269,120.9289746
3811333.0,1.0,1.0,41.0,0.0,Quezon City,1,14.640624,121.076504
9353260.0,1.0,1.0,62.0,0.0,Quezon City,1,14.605396,121.081903
32200000.0,0.0,0.0,93.0,0.0,Pasig,1,14.588716,121.060009
2131988.0,1.0,1.0,24.0,0.0,Quezon City,1,14.640624,121.076504
6200000.0,1.0,1.0,29.0,0.0,San Juan,1,14.600676,121.43876
4600000.0,2.0,1.0,35.0,0.0,Baguio,1,16.39936,120.581264
6963000.0,1.0,1.0,31.0,0.0,Manila,1,14.551476,120.9895887
3756900.0,1.0,1.0,40.0,0.0,Muntinlupa,1,14.434669,121.040194
8929270.0,1.0,1.0,53.0,0.0,Cebu,1,10.315,123.90592845448
5969000.0,4.0,0.0,83.0,99.0,San Jose del Monte,0,14.8450503,121.0612785
5071500.0,2.0,1.0,54.0,0.0,Muntinlupa,1,14.434669,121.040194
4297800.0,3.0,0.0,112.0,80.0,Santa Maria,0,14.843912,120.968376
9434000.0,3.0,0.0,174.0,176.0,Silang,0,14.183344,121.012375
8800000.0,2.0,2.0,69.0,0.0,San Juan,1,14.600676,121.43876
6623819.0,2.0,2.0,56.0,0.0,Manila,1,14.570199,120.991585
8788000.0,1.0,0.0,35.0,0.0,Pasig,1,14.588882,121.079016
10000000.0,2.0,2.0,74.0,0.0,Muntinlupa,1,14.4179774,121.037608
10760000.0,2.0,2.0,76.0,0.0,Davao,1,7.095857,125.630475
4460000.0,3.0,0.0,63.0,88.0,Silang,0,14.183344,121.012375
3020930.0,1.0,1.0,29.0,0.0,Manila,1,14.570199,120.991585
4378246.0,3.0,0.0,119.0,104.0,Dasmarinas,0,14.285456,120.950177
1962165.0,1.0,1.0,18.0,0.0,Mandaluyong,1,14.578255,121.052143
8800000.0,2.0,2.0,69.0,0.0,San Juan,1,14.600676,121.43876
2395000.0,3.0,0.0,60.0,50.0,Imus,0,14.4084872,120.9062254
8788000.0,1.0,0.0,35.0,0.0,Pasig,1,14.588882,121.079016
10000000.0,2.0,2.0,74.0,0.0,Muntinlupa,1,14.4179774,121.037608
6623819.0,2.0,2.0,56.0,0.0,Manila,1,14.570199,120.991585
15982506.0,2.0,2.0,84.0,0.0,Mandaluyong,1,14.578255,121.052143
15803200.0,3.0,2.0,120.0,0.0,Pasay,1,14.55323,120.990226
39127000.0,0.0,0.0,141.0,0.0,Pasig,1,14.587964,121.079045
4297800.0,3.0,0.0,112.0,80.0,Santa Maria,0,14.843912,120.968376
4746044.0,1.0,1.0,20.0,0.0,Mandaluyong,1,14.592173,121.053333
5200000.0,5.0,0.0,107.0,141.0,Mexico,0,15.125835,120.680386
6500000.0,4.0,0.0,119.0,150.0,Lipa,0,14.0042716,121.1705877
5071500.0,2.0,1.0,54.0,0.0,Muntinlupa,1,14.434669,121.040194
2881668.0,1.0,1.0,28.0,0.0,Las Pinas,1,14.4324914,121.0140532
3200000.0,3.0,0.0,55.0,80.0,Tanza,0,14.35989,120.822985
3587010.0,3.0,0.0,112.0,72.0,Tanza,0,14.292781,120.828878
6100000.0,1.0,1.0,32.0,0.0,Pasig,1,14.565391,121.06934
10000000.0,2.0,2.0,68.0,0.0,Quezon City,1,14.644874,121.050593
7500000.0,3.0,2.0,70.0,0.0,Cebu,1,10.36171,123.911374
42162000.0,2.0,2.0,114.0,0.0,Pasig,1,14.588377,121.059897
9268000.0,5.0,0.0,179.0,176.0,Silang,0,14.183344,121.012375
2671400.0,4.0,0.0,70.0,60.0,General Trias,0,14.37318,120.896613
2226263.0,1.0,1.0,19.0,0.0,Manila,1,14.570199,120.991585
5400000.0,4.0,0.0,83.0,110.0,Calamba,0,14.188482,121.109967
1817900.0,2.0,0.0,52.0,80.0,Calamba,0,14.176345,121.122173
4300000.0,3.0,0.0,121.0,98.0,Dasmarinas,0,14.285456,120.950177
10760000.0,2.0,2.0,76.0,0.0,Davao,1,7.095857,125.630475
28564000.0,3.0,0.0,237.0,124.0,Muntinlupa,0,14.434669,121.040194
1160000.0,1.0,0.0,46.0,36.0,Santa Maria,0,14.83466,121.33919
5940000.0,2.0,1.0,45.0,0.0,Baguio,1,16.4145653,120.5814088
8408000.0,1.0,0.0,35.0,0.0,Pasig,1,14.588882,121.079016
3700000.0,3.0,0.0,55.0,80.0,Tanza,0,14.35989,120.822985
24461000.0,1.0,1.0,70.0,0.0,Pasig,1,14.575822,121.064324
5941000.0,3.0,0.0,112.0,120.0,Silang,0,14.183344,121.012375
2810000.0,1.0,1.0,24.0,0.0,Cebu,1,10.3058395,123.8908567
37060000.0,2.0,3.0,141.0,0.0,San Juan,1,14.600676,121.43876
4547200.0,1.0,1.0,31.0,0.0,Pasay,1,14.55323,120.990226
8795130.0,4.0,0.0,206.0,231.0,General Trias,0,14.2814,120.918211
4200000.0,2.0,1.0,40.0,0.0,Imus,1,14.3841135,120.9356405
4300000.0,2.0,0.0,46.0,120.0,Compostela,0,10.44226,123.994411
8557360.0,4.0,0.0,171.0,176.0,Calamba,0,14.176345,121.122173
2810000.0,1.0,1.0,24.0,0.0,Cebu,1,10.3058395,123.8908567
8000000.0,4.0,3.0,95.0,0.0,Baguio,1,16.384875,120.586268
8915000.0,1.0,0.0,35.0,0.0,Pasig,1,14.588882,121.079016
13100000.0,2.0,2.0,73.0,0.0,San Juan,1,14.600676,121.43876
42383000.0,2.0,2.0,114.0,0.0,Pasig,1,14.588377,121.059897
21000000.0,3.0,3.0,107.0,0.0,Mandaue,1,10.3299464,123.9275793
1995000.0,2.0,0.0,50.0,60.0,Tanauan,0,14.0661817,121.1567437
4049000.0,1.0,1.0,19.0,0.0,Manila,1,14.551476,120.9895887
2581630.0,2.0,0.0,88.0,74.0,General Trias,0,14.2814,120.918211
7324800.0,1.0,1.0,56.0,0.0,Pasay,1,14.55323,120.990226
8098491.0,1.0,1.0,34.0,0.0,Mandaluyong,1,14.592173,121.053333
5400000.0,2.0,0.0,72.0,0.0,Alfonso,1,14.0971303,120.8354138
8983740.0,2.0,1.0,67.0,0.0,Cebu,1,10.305725,123.904993
10705260.0,1.0,1.0,45.0,0.0,Mandaluyong,1,14.592173,121.053333
9516936.0,3.0,2.0,57.0,0.0,Manila,1,14.5822048,121.0135541
12100000.0,1.0,0.0,54.0,0.0,Pasay,1,0.0,120.989
24721800.0,3.0,2.0,102.0,0.0,Pasig,1,14.583771,121.059675
5600000.0,1.0,1.0,33.0,0.0,Cainta,1,14.583362,121.130727
10976000.0,1.0,1.0,51.0,0.0,Pasig,1,14.583771,121.059675
4700000.0,1.0,1.0,23.0,0.0,Paranaque,1,14.499387,121.025633
1366658.0,1.0,0.0,25.0,58.0,Calamba,0,14.196755,121.104962
3666200.0,3.0,0.0,80.0,100.0,Ozamiz,0,8.14369,123.813471
2950000.0,1.0,1.0,30.0,0.0,Davao,1,7.128006,125.648968
4800000.0,3.0,0.0,90.0,60.0,Binan,0,14.3268282,121.0857856
30868000.0,2.0,1.0,89.0,0.0,Pasig,1,14.588882,121.079016
6756360.0,4.0,0.0,110.0,100.0,Kawit,0,14.4185112,120.898962
6785600.0,2.0,1.0,39.0,0.0,Quezon City,1,14.621176,121.022808
7500000.0,1.0,1.0,45.0,0.0,San Juan,1,13.740708,121.428014
8535732.0,2.0,2.0,76.0,0.0,Davao,1,7.0867489,125.5840299
5857600.0,1.0,1.0,37.0,0.0,Pasay,1,14.55323,120.990226
45668000.0,2.0,2.0,114.0,0.0,Pasig,1,14.588377,121.059897
7000000.0,1.0,1.0,37.0,0.0,San Juan,1,14.600676,121.43876
11300800.0,1.0,1.0,52.0,0.0,Pasig,1,14.583771,121.059675
175265000.0,4.0,4.0,409.0,0.0,Pasig,1,14.588377,121.059897
2810000.0,1.0,1.0,24.0,0.0,Cebu,1,10.3058395,123.8908567
13007400.0,2.0,0.0,75.0,0.0,Cebu,1,10.3084189,123.9157609
4206258.0,1.0,1.0,35.0,0.0,Davao,1,7.0867489,125.5840299
5493461.0,3.0,0.0,123.0,140.0,Dasmarinas,0,14.285456,120.950177
3124880.0,2.0,0.0,71.0,120.0,Calamba,0,14.182,121.12621179622
8645982.0,2.0,2.0,77.0,0.0,Davao,1,7.0867489,125.5840299
3900000.0,1.0,1.0,21.0,0.0,San Juan,1,14.600676,121.43876
37940000.0,2.0,3.0,141.0,0.0,San Juan,1,14.600676,121.43876
1880600.0,3.0,0.0,40.0,40.0,Kawit,0,14.4185112,120.898962
8018070.0,1.0,1.0,33.0,0.0,Mandaluyong,1,14.578255,121.052143
4200000.0,2.0,0.0,53.0,50.0,Compostela,0,10.44226,123.994411
14700000.0,3.0,0.0,115.0,150.0,Cebu,0,10.36171,123.911374
5234791.0,3.0,0.0,75.0,112.0,Imus,0,14.4234269,120.9289746
2500000.0,0.0,0.0,49.0,86.0,Capas,0,15.38115,120.590541
5548360.0,4.0,0.0,107.0,120.0,General Trias,0,14.296605,120.904361
2100000.0,0.0,0.0,49.0,50.0,Capas,0,15.38115,120.590541
3199000.0,1.0,1.0,27.0,0.0,Cebu,1,10.305725,123.904993
1916509.0,1.0,1.0,17.0,0.0,Quezon City,1,14.640624,121.076504
3000000.0,3.0,0.0,55.0,50.0,Tanza,0,14.35989,120.822985
7852870.0,3.0,2.0,74.0,0.0,Mandaluyong,1,14.571338,121.04641
2925600.0,3.0,0.0,60.0,80.0,Calamba,0,14.176345,121.122173
3580000.0,2.0,2.0,32.0,0.0,Valenzuela,1,14.7049986,120.98518
8229500.0,3.0,2.0,53.0,0.0,Quezon City,1,14.621176,121.022808
3113220.0,1.0,1.0,27.0,0.0,Quezon City,1,14.68155,121.0198
1562440.0,1.0,0.0,41.0,60.0,Calamba,0,14.176345,121.122173
11600000.0,2.0,1.0,58.0,0.0,Paranaque,1,14.499387,121.025633
2459200.0,3.0,0.0,80.0,60.0,Calamba,0,14.176345,121.122173
3000000.0,3.0,0.0,55.0,80.0,General Trias,0,14.321965,120.895878
14632000.0,1.0,1.0,59.0,0.0,Pasig,1,14.583771,121.059675
42359000.0,2.0,2.0,114.0,0.0,Pasig,1,14.588377,121.059897
2902810.0,3.0,0.0,60.0,90.0,Calamba,0,14.196755,121.104962
14100000.0,4.0,0.0,150.0,200.0,San Juan,0,0.0,121.428
2906840.0,3.0,0.0,56.0,100.0,Ozamiz,0,8.14369,123.813471
6900000.0,2.0,0.0,150.0,0.0,Alfonso,1,14.0971303,120.8354138
6785600.0,2.0,1.0,39.0,0.0,Quezon City,1,14.621176,121.022808
7623299.0,1.0,1.0,31.0,0.0,Mandaluyong,1,14.578255,121.052143
3000000.0,1.0,1.0,26.0,0.0,Imus,1,14.3841135,120.9356405
3800000.0,1.0,1.0,28.0,0.0,Baguio,1,16.39936,120.581264
7500000.0,3.0,2.0,52.0,0.0,Manila,1,14.590526,120.985482
6970000.0,4.0,0.0,85.0,110.0,Malolos,0,14.8743986,120.7973062
6841640.0,4.0,0.0,160.0,154.0,General Trias,0,14.2814,120.918211
5157800.0,3.0,0.0,120.0,120.0,Ozamiz,0,8.14369,123.813471
1699999.0,3.0,0.0,70.0,100.0,Ozamiz,0,8.14369,123.813471
2406200.0,3.0,0.0,79.0,60.0,Calamba,0,14.176345,121.122173
3600000.0,1.0,1.0,21.0,0.0,Baguio,1,16.39936,120.581264
3890000.0,1.0,1.0,26.0,0.0,Pasig,1,14.601887,121.093698
12000000.0,2.0,0.0,63.0,0.0,Pasay,1,0.0,120.989
2671400.0,4.0,0.0,70.0,60.0,Kawit,0,14.4185112,120.898962
2698000.0,3.0,0.0,65.0,60.0,Tanauan,0,14.0661817,121.1567437
4460000.0,3.0,0.0,63.0,88.0,Silang,0,14.183344,121.012375
6298845.0,4.0,0.0,83.0,140.0,Dasmarinas,0,14.287385,120.964753
4363000.0,1.0,1.0,20.0,0.0,Manila,1,14.551476,120.9895887
7320000.0,1.0,2.0,50.0,0.0,Davao,1,7.095857,125.630475
8900000.0,2.0,2.0,73.0,0.0,Muntinlupa,1,14.4179774,121.037608
12069664.0,1.0,1.0,57.0,0.0,Mandaluyong,1,14.578255,121.052143
4767000.0,3.0,0.0,72.0,110.0,Calamba,0,14.188482,121.109967
2918180.0,2.0,0.0,46.0,110.0,Calamba,0,14.191945,121.113605
3199000.0,2.0,0.0,77.0,100.0,General Trias,0,14.2814,120.918211
4353328.0,2.0,0.0,96.0,100.0,General Trias,0,14.2814,120.918211
1600000.0,1.0,0.0,46.0,57.0,Santa Maria,0,14.83466,121.33919
4500000.0,1.0,1.0,37.0,0.0,Muntinlupa,1,14.4179774,121.037608
9268000.0,5.0,0.0,179.0,176.0,Silang,0,14.183344,121.012375
5000000.0,2.0,0.0,63.0,96.0,Dasmarinas,0,14.304975,120.944111
2810000.0,1.0,1.0,24.0,0.0,Cebu,1,10.3058395,123.8908567
1760000.0,1.0,0.0,46.0,77.0,Santa Maria,0,14.83466,121.33919
10000000.0,1.0,1.0,37.0,0.0,Taguig,1,14.54595,121.0494
2406200.0,3.0,0.0,79.0,60.0,Calamba,0,14.176345,121.122173
1400000.0,1.0,0.0,46.0,40.0,Santa Maria,0,14.83466,121.33919
6709716.0,3.0,2.0,46.0,0.0,Quezon City,1,14.646511,120.996952
7032800.0,4.0,0.0,149.0,176.0,Calamba,0,14.176345,121.122173
5446700.0,2.0,1.0,58.0,0.0,Muntinlupa,1,14.434669,121.040194
6853000.0,2.0,1.0,43.0,0.0,Baguio,1,16.419598,120.626852
8381730.0,4.0,0.0,174.0,176.0,Lipa,0,0.0,121.185
3100000.0,2.0,0.0,59.0,88.0,Mexico,0,15.125835,120.680386
4500000.0,1.0,1.0,21.0,0.0,Pasay,1,14.547436,120.998485
3040080.0,1.0,1.0,24.0,0.0,Quezon City,1,14.646511,120.996952
2643963.0,3.0,0.0,62.0,50.0,Porac,0,15.119767,120.560714
5036925.0,3.0,0.0,67.0,150.0,Lipa,0,0.0,121.185
16125357.0,2.0,2.0,84.0,0.0,Mandaluyong,1,14.578255,121.052143
7413780.0,4.0,0.0,136.0,176.0,Lipa,0,0.0,121.185
5008864.0,2.0,1.0,37.0,0.0,Pasig,1,14.555535,121.090095
5940000.0,2.0,1.0,45.0,0.0,Baguio,1,16.4145653,120.5814088
111512000.0,4.0,4.0,268.0,0.0,Pasig,1,14.588377,121.059897
2239999.0,2.0,0.0,42.0,60.0,Dasmarinas,0,14.304975,120.944111
2239999.0,2.0,0.0,42.0,60.0,Dasmarinas,0,14.304975,120.944111
6756360.0,4.0,0.0,110.0,100.0,Imus,0,14.4084872,120.9062254
5000000.0,2.0,1.0,38.0,0.0,Mandaue,1,10.9221743,124.0208544
6650000.0,3.0,0.0,84.0,120.0,General Trias,0,14.37318,120.896613
10715000.0,1.0,1.0,34.0,0.0,Pasig,1,14.575822,121.064324
6085537.0,3.0,0.0,117.0,120.0,Lipa,0,0.0,121.185
7948203.0,1.0,1.0,33.0,0.0,Mandaluyong,1,14.578255,121.052143
50085329.0,3.0,0.0,211.0,0.0,Pasig,1,14.5808822,121.05885
2820800.0,3.0,0.0,78.0,63.0,Porac,0,15.119767,120.560714
7216034.0,1.0,1.0,32.0,0.0,Mandaluyong,1,14.578255,121.052143
5978000.0,3.0,0.0,90.0,100.0,Imus,0,14.4084872,120.9062254
7300000.0,1.0,1.0,40.0,0.0,Quezon City,1,14.644874,121.050593
7410000.0,4.0,0.0,100.0,120.0,General Trias,0,14.37318,120.896613
1400000.0,1.0,0.0,46.0,48.0,Santa Maria,0,14.83466,121.33919
25471000.0,2.0,1.0,89.0,0.0,Pasig,1,14.588882,121.079016
12370523.0,2.0,1.0,52.0,0.0,Mandaluyong,1,14.592173,121.053333
5978000.0,3.0,0.0,90.0,100.0,General Trias,0,14.37318,120.896613
10021000.0,1.0,0.0,35.0,0.0,Pasig,1,14.588882,121.079016
3800000.0,3.0,0.0,72.0,88.0,Mexico,0,15.125835,120.680386
5690000.0,3.0,0.0,72.0,100.0,Imus,0,14.4084872,120.9062254
20502000.0,1.0,1.0,65.0,0.0,Pasig,1,14.575822,121.064324
3800000.0,1.0,1.0,28.0,0.0,Baguio,1,16.39936,120.581264
2239999.0,2.0,0.0,42.0,60.0,Dasmarinas,0,14.304975,120.944111
8500000.0,1.0,1.0,36.0,0.0,Pasig,1,14.587518,121.062753
10151000.0,5.0,0.0,166.0,143.0,Malolos,0,14.8743986,120.7973062
7032800.0,4.0,0.0,149.0,176.0,Calamba,0,14.176345,121.122173
2239999.0,2.0,0.0,42.0,60.0,Dasmarinas,0,14.304975,120.944111
4800000.0,1.0,1.0,28.0,0.0,Baguio,1,16.39936,120.581264
4956000.0,3.0,0.0,93.0,88.0,Silang,0,14.183344,121.012375
5446700.0,2.0,1.0,58.0,0.0,Muntinlupa,1,14.434669,121.040194
3800000.0,3.0,0.0,65.0,116.0,Lipa,0,14.0042716,121.1705877
4900000.0,2.0,1.0,39.0,0.0,Manila,1,14.590526,120.985482
8000000.0,3.0,2.0,72.0,0.0,Cebu,1,10.36171,123.911374
16214000.0,1.0,1.0,57.0,0.0,Pasig,1,14.588882,121.079016
8982815.0,4.0,0.0,176.0,168.0,Porac,0,15.119767,120.560714
14612268.0,2.0,2.0,67.0,0.0,Quezon City,1,14.605396,121.081903
5006400.0,1.0,1.0,37.0,0.0,Pasay,1,14.55323,120.990226
10100000.0,2.0,2.0,68.0,0.0,Quezon City,1,14.644874,121.050593
2459200.0,3.0,0.0,80.0,60.0,Calamba,0,14.176345,121.122173
6363100.0,2.0,1.0,35.0,0.0,Quezon City,1,14.68155,121.0198
8100000.0,1.0,1.0,40.0,0.0,Pasay,1,0.0,120.989
5008864.0,2.0,1.0,37.0,0.0,Pasig,1,14.555535,121.090095
8535732.0,2.0,2.0,76.0,0.0,Davao,1,7.0867489,125.5840299
7300000.0,1.0,1.0,45.0,0.0,Baguio,1,16.39936,120.581264
14612268.0,2.0,2.0,67.0,0.0,Quezon City,1,14.605396,121.081903
6500000.0,2.0,1.0,48.0,0.0,Las Pinas,1,14.446596,120.987165
7860000.0,4.0,0.0,116.0,176.0,Silang,0,14.183344,121.012375
4206258.0,1.0,1.0,36.0,0.0,Davao,1,7.0867489,125.5840299
3000000.0,1.0,1.0,30.0,0.0,Silang,1,14.247941,120.952854
7278411.0,1.0,1.0,32.0,0.0,Mandaluyong,1,14.578255,121.052143
5208904.0,2.0,2.0,44.0,0.0,Mandaluyong,1,14.571338,121.04641
5008864.0,2.0,1.0,37.0,0.0,Pasig,1,14.555535,121.090095
4200000.0,2.0,0.0,53.0,70.0,Compostela,0,10.44226,123.994411
7860000.0,4.0,0.0,116.0,176.0,Silang,0,14.183344,121.012375
4250000.0,3.0,0.0,71.0,120.0,Ozamiz,0,8.14369,123.813471
16414733.0,2.0,1.0,69.0,0.0,Mandaluyong,1,14.592173,121.053333
4715100.0,1.0,1.0,30.0,0.0,Bacoor,1,14.4251071,120.9486663
2239999.0,2.0,0.0,42.0,60.0,Dasmarinas,0,14.304975,120.944111
4200000.0,1.0,1.0,24.0,0.0,Mandaluyong,1,14.571338,121.04641
6000000.0,3.0,0.0,103.0,143.0,Lipa,0,14.0042716,121.1705877
6000000.0,1.0,1.0,40.0,0.0,Quezon City,1,14.644874,121.050593
1833376.0,1.0,1.0,17.0,0.0,Las Pinas,1,14.4324914,121.0140532
2600000.0,1.0,1.0,22.0,0.0,Las Pinas,1,14.446596,120.987165
5400000.0,1.0,1.0,34.0,0.0,Cainta,1,14.583362,121.130727
4200000.0,1.0,1.0,32.0,0.0,Pasig,1,14.601887,121.093698
6363100.0,2.0,1.0,35.0,0.0,Quezon City,1,14.68155,121.0198
9400000.0,2.0,1.0,57.0,0.0,Baguio,1,16.39936,120.581264
5307970.0,1.0,1.0,40.0,0.0,Cebu,1,10.305725,123.904993
8215625.0,5.0,0.0,179.0,176.0,Lipa,0,0.0,121.185
3700000.0,1.0,1.0,24.0,0.0,Cebu,1,10.31581,123.918231
10500000.0,1.0,1.0,58.0,0.0,Quezon City,1,0.0,121.039
21700000.0,3.0,2.0,139.0,0.0,Quezon City,1,14.646511,120.996952
7800000.0,3.0,1.0,60.0,0.0,Baguio,1,16.39936,120.581264
5600000.0,1.0,1.0,30.0,0.0,Quezon City,1,14.61777,121.0572
8107899.0,1.0,1.0,33.0,0.0,Mandaluyong,1,14.578255,121.052143
7800000.0,3.0,1.0,60.0,0.0,Baguio,1,16.39936,120.581264
11300000.0,3.0,0.0,100.0,200.0,San Juan,0,0.0,121.428
5479920.0,2.0,1.0,36.0,0.0,Quezon City,1,14.631613,121.023475
4700000.0,3.0,0.0,81.0,110.0,Cabanatuan,0,15.47877,120.995348
4100000.0,2.0,0.0,52.0,83.0,Dasmarinas,0,14.304975,120.944111
21037273.0,1.0,1.0,78.0,0.0,Pasig,1,14.5808822,121.05885
4100000.0,2.0,0.0,52.0,83.0,Dasmarinas,0,14.304975,120.944111
2600000.0,1.0,1.0,22.0,0.0,Las Pinas,1,14.446596,120.987165
5700000.0,1.0,1.0,33.0,0.0,Mandaluyong,1,14.572246,121.05402
8557360.0,4.0,0.0,171.0,176.0,Calamba,0,14.176345,121.122173
11312000.0,3.0,2.0,72.0,0.0,Baguio,1,16.419598,120.626852
5770000.0,4.0,0.0,80.0,110.0,Calamba,0,14.188482,121.109967
5978000.0,3.0,0.0,90.0,100.0,Kawit,0,14.4185112,120.898962
1880600.0,3.0,0.0,40.0,40.0,General Trias,0,14.37318,120.896613
2464168.0,2.0,0.0,46.0,51.0,Santo Tomas,0,14.12405,121.17277
6361200.0,2.0,1.0,40.0,0.0,Bacoor,1,14.4251071,120.9486663
5565680.0,3.0,2.0,54.0,0.0,Mandaluyong,1,14.578255,121.052143
7410000.0,4.0,0.0,100.0,120.0,Imus,0,14.4084872,120.9062254
3587010.0,3.0,0.0,112.0,72.0,Tanza,0,14.292781,120.828878
15355200.0,2.0,2.0,90.0,0.0,Pasay,1,14.55323,120.990226
11800000.0,2.0,2.0,100.0,0.0,Quezon City,1,14.646511,120.996952
6396780.0,4.0,0.0,115.0,176.0,Calamba,0,14.176345,121.122173
2378396.0,1.0,1.0,19.0,0.0,Mandaluyong,1,14.571338,121.04641
15657600.0,3.0,2.0,120.0,0.0,Pasay,1,14.55323,120.990226
28624000.0,1.0,1.0,69.0,0.0,Pasig,1,14.588377,121.059897
4100000.0,1.0,1.0,22.0,0.0,Quezon City,1,14.61777,121.0572
89146000.0,3.0,3.0,241.0,0.0,Pasig,1,14.575822,121.064324
22595200.0,2.0,2.0,87.0,0.0,Pasig,1,14.583771,121.059675
4600000.0,2.0,0.0,52.0,80.0,Lipa,0,13.9775271,121.1701226
8600000.0,2.0,1.0,72.0,0.0,Silang,1,14.247941,120.952854
3000000.0,0.0,0.0,75.0,90.0,Capas,0,15.38115,120.590541
3756900.0,1.0,1.0,40.0,0.0,Muntinlupa,1,14.434669,121.040194
5607000.0,3.0,0.0,66.0,88.0,Malolos,0,14.8743986,120.7973062
4786000.0,1.0,1.0,30.0,0.0,Bacolod,1,10.6877926,122.9747478
5234791.0,3.0,0.0,75.0,80.0,Imus,0,14.4234269,120.9289746
6900000.0,1.0,1.0,68.0,0.0,Tagaytay,1,14.119975,120.95476
4842720.0,2.0,1.0,36.0,0.0,Quezon City,1,14.646511,120.996952
1840805.0,2.0,0.0,43.0,47.0,Calamba,0,14.196755,121.104962
7700000.0,3.0,2.0,56.0,0.0,Quezon City,1,14.621176,121.022808
4851616.0,2.0,0.0,111.0,100.0,General Trias,0,14.2814,120.918211
7900000.0,5.0,0.0,150.0,150.0,Lipa,0,14.0042716,121.1705877
4900000.0,1.0,1.0,27.0,0.0,Pasay,1,14.547436,120.998485
13366838.0,2.0,0.0,75.0,0.0,Cebu,1,10.3084189,123.9157609
2624075.0,3.0,0.0,62.0,50.0,Porac,0,15.119767,120.560714
5870000.0,3.0,0.0,82.0,120.0,Dasmarinas,0,14.304975,120.944111
7841100.0,4.0,0.0,167.0,154.0,General Trias,0,14.2814,120.918211
2984737.0,3.0,0.0,64.0,51.0,Santo Tomas,0,14.12405,121.17277
2810000.0,1.0,1.0,24.0,0.0,Cebu,1,10.3058395,123.8908567
16688358.0,2.0,2.0,84.0,0.0,Mandaluyong,1,14.578255,121.052143
2395000.0,3.0,0.0,60.0,50.0,General Trias,0,14.37318,120.896613
5039190.0,3.0,0.0,109.0,120.0,General Trias,0,14.2814,120.918211
8913000.0,4.0,0.0,147.0,176.0,Silang,0,14.183344,121.012375
6966526.0,1.0,1.0,32.0,0.0,Mandaluyong,1,14.578255,121.052143
39304000.0,2.0,2.0,110.0,0.0,Pasig,1,14.575822,121.064324
4468800.0,1.0,1.0,34.0,0.0,Pasay,1,14.55323,120.990226
2392852.0,1.0,1.0,25.0,0.0,Mandaluyong,1,14.578255,121.052143
5565680.0,3.0,2.0,54.0,0.0,Mandaluyong,1,14.578255,121.052143
2440000.0,1.0,1.0,25.0,0.0,Valenzuela,1,14.7049986,120.98518
5600000.0,3.0,0.0,63.0,100.0,Lipa,0,13.9775271,121.1701226
2180000.0,1.0,1.0,22.0,0.0,Valenzuela,1,14.7049986,120.98518
18180400.0,2.0,2.0,64.0,0.0,Manila,1,14.551476,120.9895887
2881668.0,1.0,1.0,28.0,0.0,Las Pinas,1,14.4324914,121.0140532
5400000.0,1.0,1.0,32.0,0.0,Cainta,1,14.583362,121.130727
10752000.0,1.0,1.0,46.0,0.0,Pasig,1,14.583771,121.059675
11312000.0,3.0,2.0,59.0,0.0,Baguio,1,16.419598,120.626852
35077000.0,2.0,2.0,106.0,0.0,Pasig,1,14.575822,121.064324
7000000.0,1.0,1.0,35.0,0.0,Paranaque,1,14.499387,121.025633
7170250.0,1.0,0.0,44.0,0.0,Cebu,1,10.3084189,123.9157609
17799600.0,2.0,2.0,74.0,0.0,Pasig,1,14.583771,121.059675
22111600.0,3.0,2.0,98.0,0.0,Pasig,1,14.583771,121.059675
8473000.0,4.0,0.0,155.0,66.0,Dasmarinas,0,14.304975,120.944111
23914800.0,3.0,2.0,108.0,0.0,Pasig,1,14.583771,121.059675
3010000.0,1.0,1.0,32.0,0.0,Davao,1,7.128006,125.648968
7802700.0,3.0,2.0,54.0,0.0,Quezon City,1,14.68155,121.0198
7035469.0,1.0,1.0,32.0,0.0,Mandaluyong,1,14.578255,121.052143
26202400.0,3.0,2.0,110.0,0.0,Pasig,1,14.583771,121.059675
17912600.0,2.0,2.0,74.0,0.0,Pasig,1,14.583771,121.059675
8091264.0,1.0,1.0,33.0,0.0,Mandaluyong,1,14.578255,121.052143
14500000.0,2.0,2.0,62.0,0.0,Pasay,1,14.547436,120.998485
22720700.0,3.0,2.0,98.0,0.0,Pasig,1,14.583771,121.059675
7136000.0,2.0,1.0,39.0,0.0,Quezon City,1,14.621176,121.022808
11600000.0,2.0,1.0,58.0,0.0,Paranaque,1,14.499387,121.025633
11500000.0,1.0,0.0,68.0,0.0,Pasay,1,0.0,120.989
9434000.0,3.0,0.0,174.0,176.0,Silang,0,14.183344,121.012375
10500000.0,1.0,1.0,49.0,0.0,Pasig,1,14.587518,121.062753
17743600.0,2.0,2.0,74.0,0.0,Pasig,1,14.583771,121.059675
5600000.0,3.0,0.0,63.0,103.0,Dasmarinas,0,14.304975,120.944111
6709716.0,3.0,2.0,46.0,0.0,Quezon City,1,14.631613,121.023475
47546000.0,2.0,2.0,109.0,0.0,Pasig,1,14.588377,121.059897
14900000.0,2.0,0.0,80.0,0.0,Pasay,1,0.0,120.989
12200000.0,2.0,2.0,68.0,0.0,Quezon City,1,14.644874,121.050593
17641900.0,2.0,2.0,74.0,0.0,Pasig,1,14.583771,121.059675
28844000.0,3.0,0.0,250.0,92.0,Muntinlupa,0,14.434669,121.040194
7500000.0,3.0,2.0,52.0,0.0,Manila,1,14.590526,120.985482
7320000.0,1.0,2.0,50.0,0.0,Davao,1,7.095857,125.630475
8466000.0,4.0,0.0,136.0,176.0,Silang,0,14.183344,121.012375
8500000.0,1.0,1.0,41.0,0.0,Binan,1,14.3336384,121.0555577
39675000.0,3.0,0.0,323.0,90.0,Muntinlupa,0,14.434669,121.040194
3040080.0,1.0,1.0,24.0,0.0,Quezon City,1,14.631613,121.023475
8913000.0,4.0,0.0,147.0,176.0,Silang,0,14.183344,121.012375
5029302.0,1.0,1.0,37.0,0.0,Cebu,1,10.305725,123.904993
11054400.0,1.0,1.0,47.0,0.0,Pasig,1,14.583771,121.059675
10760000.0,2.0,2.0,76.0,0.0,Davao,1,7.095857,125.630475
5526622.0,2.0,1.0,58.0,0.0,Las Pinas,1,14.4324914,121.0140532
2800000.0,2.0,0.0,42.0,60.0,Lipa,0,13.9775271,121.1701226
20000000.0,2.0,1.0,80.0,0.0,Binan,1,14.3336384,121.0555577
12508872.0,1.0,1.0,57.0,0.0,Mandaluyong,1,14.578255,121.052143
4000000.0,2.0,0.0,52.0,80.0,Dasmarinas,0,14.304975,120.944111
12262000.0,1.0,1.0,40.0,0.0,Pasig,1,14.575822,121.064324
4297800.0,3.0,0.0,112.0,80.0,Santa Maria,0,14.843912,120.968376
5941000.0,3.0,0.0,112.0,120.0,Silang,0,14.183344,121.012375
5800000.0,3.0,0.0,63.0,143.0,Dasmarinas,0,14.304975,120.944111
4400000.0,4.0,0.0,91.0,110.0,Mexico,0,15.125835,120.680386
16545507.0,2.0,2.0,84.0,0.0,Mandaluyong,1,14.578255,121.052143
2963760.0,1.0,1.0,24.0,0.0,Quezon City,1,14.646511,120.996952
2250000.0,3.0,0.0,70.0,100.0,Ozamiz,0,8.14369,123.813471
40322000.0,3.0,0.0,323.0,90.0,Muntinlupa,0,14.434669,121.040194
7500000.0,3.0,2.0,52.0,0.0,Manila,1,14.590526,120.985482
3600000.0,0.0,0.0,66.0,79.0,Capas,0,15.38115,120.590541
4740000.0,1.0,1.0,23.0,0.0,Paranaque,1,14.499387,121.025633
5254367.0,1.0,2.0,50.0,0.0,Mandaluyong,1,14.578255,121.052143
5071500.0,2.0,1.0,54.0,0.0,Muntinlupa,1,14.434669,121.040194
15737000.0,1.0,0.0,58.0,0.0,Pasig,1,14.588882,121.079016
34575000.0,2.0,2.0,106.0,0.0,Pasig,1,14.575822,121.064324
2800000.0,2.0,0.0,42.0,60.0,Dasmarinas,0,14.304975,120.944111
2239999.0,2.0,0.0,42.0,60.0,Dasmarinas,0,14.304975,120.944111
15635000.0,1.0,1.0,56.0,0.0,Pasig,1,14.588882,121.079016
7802700.0,3.0,2.0,54.0,0.0,Quezon City,1,14.68155,121.0198
12200000.0,2.0,2.0,68.0,0.0,Quezon City,1,14.644874,121.050593
2810000.0,1.0,1.0,24.0,0.0,Cebu,1,10.3058395,123.8908567
28593000.0,1.0,1.0,69.0,0.0,Pasig,1,14.588377,121.059897
39027000.0,3.0,0.0,323.0,105.0,Muntinlupa,0,14.434669,121.040194
3109000.0,2.0,0.0,42.0,63.0,San Jose del Monte,0,14.8450503,121.0612785
2973000.0,2.0,0.0,40.0,63.0,San Jose del Monte,0,14.8450503,121.0612785
3167280.0,1.0,1.0,24.0,0.0,Quezon City,1,14.631613,121.023475
6396780.0,4.0,0.0,115.0,176.0,Calamba,0,14.176345,121.122173
4442000.0,3.0,0.0,60.0,110.0,Calamba,0,14.188482,121.109967
5028452.0,1.0,1.0,29.0,0.0,Manila,1,14.5822048,121.0135541
6574890.0,4.0,0.0,124.0,143.0,Porac,0,15.119767,120.560714
3756900.0,1.0,1.0,40.0,0.0,Muntinlupa,1,14.434669,121.040194
5379890.0,4.0,0.0,96.0,98.0,Porac,0,15.119767,120.560714
10592480.0,4.0,0.0,178.0,176.0,Silang,0,14.17569,121.6557
9540880.0,4.0,0.0,178.0,176.0,Lipa,0,0.0,121.185
6900000.0,3.0,0.0,63.0,187.0,Dasmarinas,0,14.304975,120.944111
2810000.0,1.0,1.0,24.0,0.0,Cebu,1,10.3058395,123.8908567
17641900.0,2.0,2.0,74.0,0.0,Pasig,1,14.583771,121.059675
3050000.0,2.0,0.0,42.0,90.0,Dasmarinas,0,14.304975,120.944111
9576000.0,1.0,1.0,42.0,0.0,Pasig,1,14.583771,121.059675
5690000.0,3.0,0.0,72.0,100.0,Kawit,0,14.4185112,120.898962
4100000.0,1.0,1.0,17.0,0.0,Mandaluyong,1,14.572246,121.05402
8100000.0,1.0,1.0,32.0,0.0,Binan,1,14.3336384,121.0555577
4644600.0,1.0,1.0,40.0,0.0,Muntinlupa,1,14.434669,121.040194
39999000.0,0.0,0.0,115.0,0.0,Pasig,1,14.588716,121.060009
25364000.0,2.0,1.0,89.0,0.0,Pasig,1,14.588882,121.079016
1880600.0,3.0,0.0,40.0,40.0,Imus,0,14.4084872,120.9062254
3816429.0,1.0,1.0,34.0,0.0,Mandaluyong,1,14.578255,121.052143
6628665.0,4.0,0.0,121.0,143.0,Porac,0,15.119767,120.560714
6650000.0,3.0,0.0,84.0,120.0,Imus,0,14.4084872,120.9062254
7636063.0,1.0,1.0,31.0,0.0,Mandaluyong,1,14.578255,121.052143
7200000.0,1.0,1.0,36.0,0.0,Quezon City,1,0.0,121.039
14612268.0,2.0,2.0,67.0,0.0,Quezon City,1,14.6018,121.0885977937
7123896.0,3.0,2.0,46.0,0.0,Quezon City,1,14.646511,120.996952
9576000.0,1.0,1.0,42.0,0.0,Pasig,1,14.583771,121.059675
10760000.0,2.0,2.0,76.0,0.0,Davao,1,7.095857,125.630475
5282600.0,3.0,0.0,80.0,92.0,General Trias,0,14.37318,120.896613
4690752.0,1.0,0.0,25.0,0.0,Cebu,1,10.3084189,123.9157609
2900000.0,2.0,0.0,53.0,52.0,Lipa,0,14.0042716,121.1705877
8473000.0,4.0,0.0,155.0,66.0,Dasmarinas,0,14.304975,120.944111
14278110.0,2.0,2.0,67.0,0.0,Quezon City,1,14.605396,121.081903
7636063.0,1.0,1.0,31.0,0.0,Mandaluyong,1,14.578255,121.052143
5282600.0,3.0,0.0,80.0,92.0,General Trias,0,14.37318,120.896613
10760000.0,2.0,2.0,76.0,0.0,Davao,1,7.095857,125.630475
5600000.0,1.0,1.0,24.0,0.0,Binan,1,14.3336384,121.0555577
4690752.0,1.0,0.0,25.0,0.0,Cebu,1,10.3084189,123.9157609
7226000.0,5.0,0.0,100.0,110.0,Malolos,0,14.8743986,120.7973062
5078000.0,3.0,0.0,66.0,88.0,San Jose del Monte,0,14.8450503,121.0612785
32795000.0,0.0,0.0,93.0,0.0,Pasig,1,14.588716,121.060009
29623317.0,1.0,1.0,116.0,0.0,Mandaluyong,1,14.592173,121.053333
31409000.0,0.0,0.0,93.0,0.0,Pasig,1,14.588716,121.060009
5600000.0,2.0,0.0,52.0,118.0,Lipa,0,13.9775271,121.1701226
3297501.0,1.0,1.0,27.0,0.0,Pasig,1,14.555535,121.090095
4700000.0,2.0,0.0,42.0,114.0,Lipa,0,13.9775271,121.1701226
6344860.0,4.0,0.0,115.0,132.0,General Trias,0,14.2814,120.918211
9253088.0,3.0,2.0,67.0,0.0,Baguio,1,16.4145653,120.5814088
4400659.0,1.0,2.0,46.0,0.0,Mandaluyong,1,14.578255,121.052143
12882000.0,1.0,1.0,46.0,0.0,Pasig,1,14.575822,121.064324
26640000.0,2.0,0.0,89.0,0.0,Pasig,1,14.588882,121.079016
16122000.0,1.0,0.0,58.0,0.0,Pasig,1,14.588882,121.079016
3010000.0,1.0,1.0,32.0,0.0,Davao,1,7.128006,125.648968
5300000.0,3.0,0.0,90.0,80.0,Binan,0,14.3268282,121.0857856
11780000.0,3.0,2.0,81.0,0.0,Baguio,1,16.4145653,120.5814088
6303625.0,3.0,0.0,123.0,150.0,Lipa,0,0.0,121.185
6756360.0,4.0,0.0,110.0,100.0,General Trias,0,14.37318,120.896613
51606000.0,3.0,3.0,147.0,0.0,Pasig,1,14.575822,121.064324
42022000.0,2.0,2.0,114.0,0.0,Pasig,1,14.588377,121.059897
5600000.0,2.0,0.0,52.0,118.0,Lipa,0,13.9775271,121.1701226
16122000.0,1.0,0.0,58.0,0.0,Pasig,1,14.588882,121.079016
6522096.0,2.0,1.0,39.0,0.0,Manila,1,14.5822048,121.0135541
51606000.0,3.0,3.0,147.0,0.0,Pasig,1,14.575822,121.064324
5200000.0,0.0,0.0,102.0,60.0,Mexico,0,15.125835,120.680386
11780000.0,3.0,2.0,81.0,0.0,Baguio,1,16.4145653,120.5814088
6303625.0,3.0,0.0,123.0,150.0,Lipa,0,0.0,121.185
8300000.0,0.0,0.0,99.0,60.0,Capas,0,15.38115,120.590541
3010000.0,1.0,1.0,32.0,0.0,Davao,1,7.128006,125.648968
26640000.0,2.0,0.0,89.0,0.0,Pasig,1,14.588882,121.079016
12882000.0,1.0,1.0,46.0,0.0,Pasig,1,14.575822,121.064324
5300000.0,3.0,0.0,90.0,80.0,Binan,0,14.3268282,121.0857856
6756360.0,4.0,0.0,110.0,100.0,General Trias,0,14.37318,120.896613
42022000.0,2.0,2.0,114.0,0.0,Pasig,1,14.588377,121.059897
3756900.0,1.0,1.0,40.0,0.0,Muntinlupa,1,14.434669,121.040194
18160000.0,1.0,0.0,57.0,0.0,Pasig,1,14.588882,121.079016
10760000.0,2.0,2.0,76.0,0.0,Davao,1,7.095857,125.630475
4600000.0,2.0,0.0,39.0,100.0,Ozamiz,0,8.14369,123.813471
11054400.0,1.0,1.0,47.0,0.0,Pasig,1,14.583771,121.059675
4442000.0,3.0,0.0,60.0,110.0,Calamba,0,14.188482,121.109967
6522096.0,2.0,1.0,39.0,0.0,Manila,1,14.5822048,121.0135541
8625062.0,1.0,1.0,40.0,0.0,Pasay,1,14.53747,120.9997968
6344860.0,4.0,0.0,115.0,132.0,General Trias,0,14.2814,120.918211
9400000.0,1.0,1.0,48.0,0.0,Quezon City,1,0.0,121.039
10998400.0,1.0,1.0,44.0,0.0,Pasig,1,14.583771,121.059675
48778000.0,2.0,1.0,143.0,0.0,Pasig,1,14.588882,121.079016
37610000.0,2.0,3.0,141.0,0.0,San Juan,1,14.600676,121.43876
6400000.0,1.0,0.0,40.0,0.0,Cebu,1,10.3084189,123.9157609
33827000.0,2.0,2.0,106.0,0.0,Pasig,1,14.575822,121.064324
11200000.0,1.0,1.0,49.0,0.0,Pasig,1,14.587518,121.062753
4800000.0,3.0,0.0,63.0,100.0,Dasmarinas,0,14.304975,120.944111
17363800.0,1.0,1.0,64.0,0.0,Pasig,1,14.583771,121.059675
4600000.0,4.0,0.0,80.0,103.0,Lipa,0,14.0042716,121.1705877
25296000.0,3.0,0.0,250.0,92.0,Muntinlupa,0,14.434669,121.040194
12700000.0,2.0,2.0,51.0,0.0,Mandaluyong,1,14.571338,121.04641
48572000.0,2.0,2.0,109.0,0.0,Pasig,1,14.588377,121.059897
10730000.0,1.0,1.0,34.0,0.0,Pasig,1,14.575822,121.064324
4050000.0,2.0,2.0,36.0,0.0,Valenzuela,1,14.7049986,120.98518
2810000.0,1.0,1.0,24.0,0.0,Cebu,1,10.3058395,123.8908567
4740000.0,1.0,1.0,23.0,0.0,Paranaque,1,14.499387,121.025633
3980978.0,1.0,1.0,30.0,0.0,Cebu,1,10.305725,123.904993
4400659.0,1.0,2.0,46.0,0.0,Mandaluyong,1,14.578255,121.052143
42229000.0,2.0,2.0,114.0,0.0,Pasig,1,14.588377,121.059897
8654000.0,5.0,0.0,140.0,121.0,Malolos,0,14.8743986,120.7973062
24586800.0,3.0,2.0,102.0,0.0,Pasig,1,14.583771,121.059675
27414000.0,3.0,2.0,113.0,0.0,Pasig,1,14.583771,121.059675
14278110.0,2.0,2.0,67.0,0.0,Quezon City,1,14.605396,121.081903
15024692.0,2.0,1.0,63.0,0.0,Mandaluyong,1,14.592173,121.053333
44056000.0,2.0,2.0,109.0,0.0,Pasig,1,14.588377,121.059897
4767000.0,3.0,0.0,72.0,110.0,Calamba,0,14.188482,121.109967
5700000.0,4.0,0.0,96.0,153.0,Cabanatuan,0,15.47877,120.995348
22111600.0,3.0,2.0,98.0,0.0,Pasig,1,14.583771,121.059675
8300000.0,4.0,0.0,171.0,213.0,Porac,0,15.119767,120.560714
6265385.0,3.0,0.0,78.0,160.0,Dasmarinas,0,14.287385,120.964753
10998400.0,1.0,1.0,44.0,0.0,Pasig,1,14.583771,121.059675
7500000.0,3.0,2.0,52.0,0.0,Manila,1,14.590526,120.985482
16612731.0,2.0,2.0,84.0,0.0,Mandaluyong,1,14.578255,121.052143
45015000.0,2.0,2.0,112.0,0.0,Pasig,1,14.588377,121.059897
24349000.0,2.0,0.0,89.0,0.0,Pasig,1,14.588882,121.079016
5446700.0,2.0,1.0,58.0,0.0,Muntinlupa,1,14.434669,121.040194
6626880.0,3.0,2.0,46.0,0.0,Quezon City,1,14.646511,120.996952
14612268.0,2.0,2.0,67.0,0.0,Quezon City,1,14.605396,121.081903
14612268.0,2.0,2.0,67.0,0.0,Quezon City,1,14.605396,121.081903
27329000.0,1.0,1.0,70.0,0.0,Pasig,1,14.588377,121.059897
8300000.0,4.0,0.0,171.0,213.0,Porac,0,15.119767,120.560714
22111600.0,3.0,2.0,98.0,0.0,Pasig,1,14.583771,121.059675
44056000.0,2.0,2.0,109.0,0.0,Pasig,1,14.588377,121.059897
5700000.0,4.0,0.0,96.0,153.0,Cabanatuan,0,15.47877,120.995348
4767000.0,3.0,0.0,72.0,110.0,Calamba,0,14.188482,121.109967
2094000.0,2.0,0.0,36.0,36.0,Tayabas,0,13.962775,121.564527
7400000.0,1.0,1.0,32.0,0.0,Pasig,1,14.587518,121.062753
7707000.0,5.0,0.0,100.0,121.0,Malolos,0,14.8743986,120.7973062
5282600.0,3.0,0.0,80.0,92.0,Kawit,0,14.4185112,120.898962
12835200.0,1.0,1.0,49.0,0.0,Pasig,1,14.583771,121.059675
7802700.0,3.0,2.0,54.0,0.0,Quezon City,1,14.68155,121.0198
11054400.0,1.0,1.0,47.0,0.0,Pasig,1,14.583771,121.059675
25678000.0,0.0,0.0,75.0,0.0,Pasig,1,14.582707,121.061458
26705000.0,1.0,1.0,70.0,0.0,Pasig,1,14.588377,121.059897
16974060.0,2.0,2.0,84.0,0.0,Mandaluyong,1,14.578255,121.052143
13593769.0,2.0,1.0,57.0,0.0,Mandaluyong,1,14.592173,121.053333
128592000.0,4.0,4.0,317.0,0.0,Pasig,1,14.588377,121.059897
7392000.0,1.0,1.0,56.0,0.0,Pasay,1,14.55323,120.990226
17003470.0,1.0,1.0,67.0,0.0,Pasig,1,14.5808822,121.05885
14612268.0,2.0,2.0,67.0,0.0,Quezon City,1,14.605396,121.081903
2683702.0,1.0,1.0,24.0,0.0,Mandaluyong,1,14.578255,121.052143
30900184.0,1.0,1.0,121.0,0.0,Mandaluyong,1,14.592173,121.053333
26748000.0,2.0,0.0,89.0,0.0,Pasig,1,14.588882,121.079016
33345000.0,0.0,0.0,95.0,0.0,Pasig,1,14.588716,121.060009
8455000.0,1.0,0.0,34.0,0.0,Pasig,1,14.588882,121.079016
5400000.0,4.0,0.0,83.0,110.0,Calamba,0,14.188482,121.109967
7860710.0,4.0,0.0,147.0,176.0,Lipa,0,0.0,121.185
6996073.0,1.0,1.0,32.0,0.0,Mandaluyong,1,14.578255,121.052143
7700000.0,3.0,2.0,56.0,0.0,Quezon City,1,14.621176,121.022808
7410000.0,4.0,0.0,100.0,120.0,Kawit,0,14.4185112,120.898962
6600000.0,3.0,0.0,63.0,137.0,Lipa,0,13.9775271,121.1701226
7324373.0,1.0,1.0,32.0,0.0,Mandaluyong,1,14.578255,121.052143
14278110.0,2.0,2.0,67.0,0.0,Quezon City,1,14.605396,121.081903
2100000.0,1.0,1.0,22.0,0.0,Silang,1,14.247941,120.952854
4200000.0,3.0,0.0,72.0,92.0,Cabanatuan,0,15.47877,120.995348
25471000.0,2.0,0.0,89.0,0.0,Pasig,1,14.588882,121.079016
39675000.0,3.0,0.0,323.0,90.0,Muntinlupa,0,14.434669,121.040194
23982600.0,3.0,2.0,108.0,0.0,Pasig,1,14.583771,121.059675
3740000.0,1.0,1.0,22.0,0.0,Cainta,1,14.583362,121.130727
4800000.0,1.0,1.0,35.0,0.0,Pasig,1,14.601887,121.093698
4730620.0,3.0,0.0,82.0,98.0,General Trias,0,14.296605,120.904361
4700000.0,3.0,0.0,93.0,108.0,Lipa,0,14.0042716,121.1705877
5234791.0,3.0,0.0,75.0,80.0,Imus,0,14.4234269,120.9289746
15500000.0,2.0,2.0,66.0,0.0,Pasay,1,14.547436,120.998485
3600000.0,2.0,0.0,42.0,90.0,Lipa,0,13.9775271,121.1701226
6650000.0,3.0,0.0,84.0,120.0,Kawit,0,14.4185112,120.898962
2395000.0,3.0,0.0,60.0,50.0,Kawit,0,14.4185112,120.898962
8645982.0,2.0,2.0,77.0,0.0,Davao,1,7.0867489,125.5840299
4206258.0,1.0,1.0,36.0,0.0,Davao,1,7.0867489,125.5840299
8645982.0,2.0,2.0,77.0,0.0,Davao,1,7.0867489,125.5840299
42217000.0,2.0,2.0,114.0,0.0,Pasig,1,14.588377,121.059897
10000000.0,2.0,2.0,68.0,0.0,Quezon City,1,14.644874,121.050593
8125190.0,1.0,1.0,38.0,0.0,Quezon City,1,14.61633,121.0306
11054400.0,1.0,1.0,47.0,0.0,Pasig,1,14.583771,121.059675
16088526.0,1.0,1.0,63.0,0.0,Mandaluyong,1,14.592173,121.053333
22111600.0,3.0,2.0,98.0,0.0,Pasig,1,14.583771,121.059675
3297501.0,1.0,1.0,27.0,0.0,Pasig,1,14.555535,121.090095
2500000.0,2.0,0.0,48.0,50.0,San Jose,0,13.9179,121.102657
7123896.0,3.0,2.0,46.0,0.0,Quezon City,1,14.631613,121.023475
16806000.0,2.0,2.0,84.0,0.0,Mandaluyong,1,14.578255,121.052143
8535732.0,2.0,2.0,76.0,0.0,Davao,1,7.0867489,125.5840299
2050000.0,1.0,1.0,21.0,0.0,Valenzuela,1,14.7049986,120.98518
6785600.0,2.0,1.0,39.0,0.0,Quezon City,1,14.621176,121.022808
6423156.0,1.0,1.0,27.0,0.0,Mandaluyong,1,14.592173,121.053333
7055167.0,1.0,1.0,32.0,0.0,Mandaluyong,1,14.578255,121.052143
4956000.0,3.0,0.0,93.0,88.0,Silang,0,14.183344,121.012375
4842720.0,2.0,1.0,36.0,0.0,Quezon City,1,14.631613,121.023475
3800000.0,1.0,1.0,24.0,0.0,Cebu,1,10.31581,123.918231
6000000.0,1.0,1.0,39.0,0.0,Muntinlupa,1,14.4179774,121.037608
2950000.0,1.0,1.0,30.0,0.0,Davao,1,7.128006,125.648968
2395000.0,3.0,0.0,60.0,50.0,Kawit,0,14.4185112,120.898962
5234791.0,3.0,0.0,75.0,80.0,Imus,0,14.4234269,120.9289746
15500000.0,2.0,2.0,66.0,0.0,Pasay,1,14.547436,120.998485
4700000.0,3.0,0.0,93.0,108.0,Lipa,0,14.0042716,121.1705877
8645982.0,2.0,2.0,77.0,0.0,Davao,1,7.0867489,125.5840299
10000000.0,2.0,2.0,68.0,0.0,Quezon City,1,14.644874,121.050593
4206258.0,1.0,1.0,36.0,0.0,Davao,1,7.0867489,125.5840299
42217000.0,2.0,2.0,114.0,0.0,Pasig,1,14.588377,121.059897
8125190.0,1.0,1.0,38.0,0.0,Quezon City,1,14.61633,121.0306
8645982.0,2.0,2.0,77.0,0.0,Davao,1,7.0867489,125.5840299
22111600.0,3.0,2.0,98.0,0.0,Pasig,1,14.583771,121.059675
11054400.0,1.0,1.0,47.0,0.0,Pasig,1,14.583771,121.059675
7123896.0,3.0,2.0,46.0,0.0,Quezon City,1,14.631613,121.023475
3297501.0,1.0,1.0,27.0,0.0,Pasig,1,14.555535,121.090095
16088526.0,1.0,1.0,63.0,0.0,Mandaluyong,1,14.592173,121.053333
10760000.0,2.0,2.0,76.0,0.0,Davao,1,7.095857,125.630475
2800000.0,0.0,0.0,66.0,79.0,Capas,0,15.38115,120.590541
3124880.0,2.0,0.0,71.0,120.0,Calamba,0,14.176345,121.122173
7802700.0,3.0,2.0,54.0,0.0,Quezon City,1,14.68155,121.0198
3800000.0,2.0,0.0,74.0,88.0,Cabanatuan,0,15.47877,120.995348
9614253.0,4.0,0.0,103.0,168.0,Dasmarinas,0,14.287385,120.964753
8229500.0,3.0,2.0,53.0,0.0,Quezon City,1,14.621176,121.022808
31083715.0,2.0,0.0,126.0,0.0,Pasig,1,14.5808822,121.05885
39655000.0,2.0,2.0,110.0,0.0,Pasig,1,14.575822,121.064324
2671400.0,4.0,0.0,70.0,60.0,Imus,0,14.4084872,120.9062254
41479493.0,2.0,0.0,160.0,0.0,Pasig,1,14.5808822,121.05885
13900000.0,1.0,1.0,43.0,0.0,Taguig,1,14.54595,121.0494
4926000.0,1.0,1.0,30.0,0.0,Bacolod,1,10.6877926,122.9747478
10800000.0,1.0,1.0,34.0,0.0,Pasig,1,14.575421,121.063867
31218000.0,0.0,0.0,93.0,0.0,Pasig,1,14.588716,121.060009
6577000.0,1.0,1.0,34.0,0.0,Baguio,1,16.419598,120.626852
8215525.0,4.0,0.0,144.0,154.0,Porac,0,15.119767,120.560714
8872000.0,1.0,0.0,35.0,0.0,Pasig,1,14.588882,121.079016
12925800.0,1.0,1.0,50.0,0.0,Pasig,1,14.583771,121.059675
6363100.0,2.0,1.0,35.0,0.0,Quezon City,1,14.68155,121.0198
10908800.0,1.0,1.0,51.0,0.0,Pasig,1,14.583771,121.059675
23119000.0,1.0,1.0,66.0,0.0,Pasig,1,14.575822,121.064324
27408000.0,0.0,0.0,82.0,0.0,Pasig,1,14.588716,121.060009
38824000.0,0.0,0.0,111.0,0.0,Pasig,1,14.588716,121.060009
25284000.0,0.0,0.0,82.0,0.0,Pasig,1,14.588716,121.060009
31991000.0,0.0,0.0,93.0,0.0,Pasig,1,14.588716,121.060009
27608000.0,0.0,0.0,82.0,0.0,Pasig,1,14.588716,121.060009
31632000.0,0.0,0.0,93.0,0.0,Pasig,1,14.588716,121.060009
27083000.0,2.0,0.0,89.0,0.0,Pasig,1,14.588882,121.079016
33705000.0,0.0,0.0,132.0,0.0,Pasig,1,14.587964,121.079045
33297000.0,0.0,0.0,95.0,0.0,Pasig,1,14.588716,121.060009
25136000.0,2.0,1.0,89.0,0.0,Pasig,1,14.588882,121.079016
34871000.0,2.0,2.0,106.0,0.0,Pasig,1,14.575822,121.064324
12962200.0,1.0,1.0,52.0,0.0,Pasig,1,14.583771,121.059675
15155000.0,1.0,1.0,53.0,0.0,Pasig,1,14.588882,121.079016
15669000.0,1.0,0.0,58.0,0.0,Pasig,1,14.588882,121.079016
8957000.0,1.0,0.0,35.0,0.0,Pasig,1,14.588882,121.079016
3177163.0,3.0,0.0,78.0,63.0,Porac,0,15.119767,120.560714
42045000.0,2.0,2.0,114.0,0.0,Pasig,1,14.588377,121.059897
11345600.0,1.0,1.0,48.0,0.0,Pasig,1,14.583771,121.059675
21549000.0,1.0,1.0,65.0,0.0,Pasig,1,14.575822,121.064324
27405000.0,2.0,1.0,89.0,0.0,Pasig,1,14.588882,121.079016
6500000.0,1.0,1.0,40.0,0.0,Quezon City,1,14.644874,121.050593
16052000.0,1.0,0.0,58.0,0.0,Pasig,1,14.588882,121.079016
15422000.0,1.0,1.0,58.0,0.0,Pasig,1,14.588882,121.079016
22403000.0,1.0,1.0,67.0,0.0,Pasig,1,14.575822,121.064324
21663000.0,1.0,1.0,67.0,0.0,Pasig,1,14.575822,121.064324
13323000.0,1.0,1.0,46.0,0.0,Pasig,1,14.575822,121.064324
16205000.0,1.0,0.0,57.0,0.0,Pasig,1,14.588882,121.079016
6577000.0,1.0,1.0,34.0,0.0,Baguio,1,16.419598,120.626852
32334000.0,2.0,2.0,104.0,0.0,Pasig,1,14.575822,121.064324
15422000.0,1.0,0.0,58.0,0.0,Pasig,1,14.588882,121.079016
8323000.0,1.0,0.0,35.0,0.0,Pasig,1,14.588882,121.079016
15162000.0,1.0,0.0,56.0,0.0,Pasig,1,14.588882,121.079016
15162000.0,1.0,0.0,56.0,0.0,Pasig,1,14.588882,121.079016
11783400.0,1.0,1.0,47.0,0.0,Pasig,1,14.583771,121.059675
16618000.0,1.0,0.0,57.0,0.0,Pasig,1,14.588882,121.079016
11379200.0,1.0,1.0,48.0,0.0,Pasig,1,14.583771,121.059675
15972000.0,1.0,0.0,58.0,0.0,Pasig,1,14.588882,121.079016
13096600.0,1.0,1.0,52.0,0.0,Pasig,1,14.583771,121.059675
42559000.0,2.0,2.0,114.0,0.0,Pasig,1,14.588377,121.059897
17530800.0,2.0,2.0,73.0,0.0,Pasig,1,14.583771,121.059675
41821000.0,2.0,2.0,114.0,0.0,Pasig,1,14.588377,121.059897
8577000.0,1.0,0.0,35.0,0.0,Pasig,1,14.588882,121.079016
15692000.0,1.0,1.0,58.0,0.0,Pasig,1,14.588882,121.079016
15695000.0,1.0,1.0,56.0,0.0,Pasig,1,14.588882,121.079016
16042000.0,1.0,0.0,58.0,0.0,Pasig,1,14.588882,121.079016
11088000.0,1.0,1.0,47.0,0.0,Pasig,1,14.583771,121.059675
12962200.0,1.0,1.0,52.0,0.0,Pasig,1,14.583771,121.059675
27608000.0,0.0,0.0,82.0,0.0,Pasig,1,14.588716,121.060009
25284000.0,0.0,0.0,82.0,0.0,Pasig,1,14.588716,121.060009
13323000.0,1.0,1.0,46.0,0.0,Pasig,1,14.575822,121.064324
16205000.0,1.0,0.0,57.0,0.0,Pasig,1,14.588882,121.079016
15562000.0,1.0,0.0,58.0,0.0,Pasig,1,14.588882,121.079016
15492000.0,1.0,0.0,58.0,0.0,Pasig,1,14.588882,121.079016
15422000.0,1.0,1.0,58.0,0.0,Pasig,1,14.588882,121.079016
16052000.0,1.0,0.0,58.0,0.0,Pasig,1,14.588882,121.079016
16461477.0,2.0,2.0,84.0,0.0,Mandaluyong,1,14.578255,121.052143
37366000.0,0.0,0.0,108.0,0.0,Pasig,1,14.588716,121.060009
28594000.0,0.0,0.0,101.0,0.0,Pasig,1,14.587964,121.079045
37172000.0,2.0,2.0,106.0,0.0,Pasig,1,14.575822,121.064324
26008000.0,2.0,1.0,89.0,0.0,Pasig,1,14.588882,121.079016
16618000.0,1.0,0.0,57.0,0.0,Pasig,1,14.588882,121.079016
11379200.0,1.0,1.0,48.0,0.0,Pasig,1,14.583771,121.059675
17530800.0,2.0,2.0,73.0,0.0,Pasig,1,14.583771,121.059675
41821000.0,2.0,2.0,114.0,0.0,Pasig,1,14.588377,121.059897
42559000.0,2.0,2.0,114.0,0.0,Pasig,1,14.588377,121.059897
15422000.0,1.0,0.0,58.0,0.0,Pasig,1,14.588882,121.079016
8323000.0,1.0,0.0,35.0,0.0,Pasig,1,14.588882,121.079016
27110000.0,1.0,1.0,70.0,0.0,Pasig,1,14.588377,121.059897
41710000.0,0.0,0.0,113.0,0.0,Pasig,1,14.588716,121.060009
31079000.0,0.0,0.0,90.0,0.0,Pasig,1,14.588716,121.060009
27083000.0,2.0,1.0,89.0,0.0,Pasig,1,14.588882,121.079016
12377000.0,1.0,1.0,45.0,0.0,Pasig,1,14.575822,121.064324
27961000.0,1.0,1.0,69.0,0.0,Pasig,1,14.588377,121.059897
11088000.0,1.0,1.0,47.0,0.0,Pasig,1,14.583771,121.059675
12230400.0,1.0,1.0,57.0,0.0,Pasig,1,14.583771,121.059675
8300865.0,1.0,1.0,33.0,0.0,Mandaluyong,1,14.578255,121.052143
6500000.0,1.0,1.0,40.0,0.0,Quezon City,1,14.644874,121.050593
12169372.0,1.0,1.0,55.0,0.0,Mandaluyong,1,14.578255,121.052143
41161000.0,0.0,0.0,114.0,0.0,Pasig,1,14.588716,121.060009
8746000.0,1.0,0.0,35.0,0.0,Pasig,1,14.588882,121.079016
42305000.0,2.0,2.0,114.0,0.0,Pasig,1,14.588377,121.059897
8671350.0,1.0,0.0,51.0,0.0,Cebu,1,10.3084189,123.9157609
7200000.0,1.0,1.0,32.0,0.0,Binan,1,14.3336384,121.0555577
6392734.0,1.0,0.0,37.0,0.0,Cebu,1,10.3084189,123.9157609
5282600.0,3.0,0.0,80.0,92.0,Imus,0,14.4084872,120.9062254
6363100.0,2.0,1.0,35.0,0.0,Quezon City,1,14.68155,121.0198
31403000.0,0.0,0.0,93.0,0.0,Pasig,1,14.588716,121.060009
8365000.0,1.0,0.0,35.0,0.0,Pasig,1,14.588882,121.079016
26008000.0,2.0,1.0,89.0,0.0,Pasig,1,14.588882,121.079016
23718000.0,1.0,1.0,67.0,0.0,Pasig,1,14.575822,121.064324
12265000.0,1.0,1.0,45.0,0.0,Pasig,1,14.575822,121.064324
20739000.0,1.0,1.0,65.0,0.0,Pasig,1,14.575822,121.064324
6785600.0,2.0,1.0,39.0,0.0,Quezon City,1,14.621176,121.022808
15672600.0,1.0,1.0,59.0,0.0,Pasig,1,14.583771,121.059675
17363800.0,1.0,1.0,64.0,0.0,Pasig,1,14.583771,121.059675
33272000.0,2.0,2.0,104.0,0.0,Pasig,1,14.575822,121.064324
11323200.0,1.0,1.0,48.0,0.0,Pasig,1,14.583771,121.059675
27083000.0,2.0,1.0,89.0,0.0,Pasig,1,14.588882,121.079016
12377000.0,1.0,1.0,45.0,0.0,Pasig,1,14.575822,121.064324
21856000.0,1.0,1.0,67.0,0.0,Pasig,1,14.575822,121.064324
44555000.0,2.0,2.0,109.0,0.0,Pasig,1,14.588377,121.059897
32421000.0,2.0,2.0,104.0,0.0,Pasig,1,14.575822,121.064324
11177600.0,1.0,1.0,44.0,0.0,Pasig,1,14.583771,121.059675
57210000.0,3.0,3.0,152.0,0.0,Pasig,1,14.575822,121.064324
2424000.0,2.0,0.0,36.0,40.0,Malolos,0,14.8743986,120.7973062
6489000.0,4.0,0.0,85.0,99.0,Malolos,0,14.8743986,120.7973062
4324000.0,2.0,0.0,40.0,88.0,Malolos,0,14.8743986,120.7973062
4050000.0,2.0,2.0,36.0,0.0,Valenzuela,1,14.7049986,120.98518
2338000.0,2.0,0.0,40.0,40.0,Malolos,0,14.8743986,120.7973062
3966000.0,2.0,0.0,50.0,79.0,San Jose del Monte,0,14.8450503,121.0612785
16214000.0,1.0,0.0,57.0,0.0,Pasig,1,14.588882,121.079016
26153000.0,0.0,0.0,100.0,0.0,Pasig,1,14.587964,121.079045
17912600.0,2.0,2.0,74.0,0.0,Pasig,1,14.583771,121.059675
37825000.0,0.0,0.0,108.0,0.0,Pasig,1,14.588716,121.060009
6363100.0,2.0,1.0,35.0,0.0,Quezon City,1,14.68155,121.0198
16052000.0,1.0,0.0,58.0,0.0,Pasig,1,14.588882,121.079016
27178000.0,2.0,1.0,89.0,0.0,Pasig,1,14.588882,121.079016
16489000.0,1.0,0.0,57.0,0.0,Pasig,1,14.588882,121.079016
16242000.0,1.0,0.0,58.0,0.0,Pasig,1,14.588882,121.079016
11267200.0,1.0,1.0,44.0,0.0,Pasig,1,14.583771,121.059675
12046848.0,1.0,1.0,57.0,0.0,Mandaluyong,1,14.578255,121.052143
11188800.0,1.0,1.0,52.0,0.0,Pasig,1,14.583771,121.059675
15422000.0,1.0,0.0,58.0,0.0,Pasig,1,14.588882,121.079016
16402000.0,1.0,0.0,58.0,0.0,Pasig,1,14.588882,121.079016
16872000.0,1.0,0.0,58.0,0.0,Pasig,1,14.588882,121.079016
16274000.0,1.0,0.0,57.0,0.0,Pasig,1,14.588882,121.079016
4644600.0,1.0,1.0,40.0,0.0,Muntinlupa,1,14.434669,121.040194
31226000.0,2.0,2.0,104.0,0.0,Pasig,1,14.575822,121.064324
20313000.0,1.0,1.0,65.0,0.0,Pasig,1,14.575822,121.064324
15567000.0,1.0,1.0,56.0,0.0,Pasig,1,14.588882,121.079016
16411000.0,1.0,0.0,57.0,0.0,Pasig,1,14.588882,121.079016
15702000.0,1.0,0.0,56.0,0.0,Pasig,1,14.588882,121.079016
15492000.0,1.0,0.0,56.0,0.0,Pasig,1,14.588882,121.079016
16351000.0,1.0,0.0,57.0,0.0,Pasig,1,14.588882,121.079016
15567000.0,1.0,0.0,56.0,0.0,Pasig,1,14.588882,121.079016
15770000.0,1.0,0.0,56.0,0.0,Pasig,1,14.588882,121.079016
15282000.0,1.0,0.0,58.0,0.0,Pasig,1,14.588882,121.079016
15635000.0,1.0,0.0,56.0,0.0,Pasig,1,14.588882,121.079016
16076000.0,1.0,0.0,57.0,0.0,Pasig,1,14.588882,121.079016
26593000.0,1.0,1.0,74.0,0.0,Pasig,1,14.588377,121.059897
31734000.0,2.0,2.0,104.0,0.0,Pasig,1,14.575822,121.064324
11971000.0,1.0,1.0,41.0,0.0,Pasig,1,14.575822,121.064324
16007000.0,1.0,0.0,57.0,0.0,Pasig,1,14.588882,121.079016
16205000.0,1.0,0.0,57.0,0.0,Pasig,1,14.588882,121.079016
16205000.0,1.0,0.0,57.0,0.0,Pasig,1,14.588882,121.079016
15627000.0,1.0,0.0,56.0,0.0,Pasig,1,14.588882,121.079016
24856700.0,3.0,2.0,102.0,0.0,Pasig,1,14.583771,121.059675
8788000.0,1.0,0.0,35.0,0.0,Pasig,1,14.588882,121.079016
12488000.0,1.0,1.0,58.0,0.0,Pasig,1,14.583771,121.059675
11345600.0,1.0,1.0,48.0,0.0,Pasig,1,14.583771,121.059675
11144000.0,1.0,1.0,44.0,0.0,Pasig,1,14.583771,121.059675
12196800.0,1.0,1.0,57.0,0.0,Pasig,1,14.583771,121.059675
13209600.0,1.0,1.0,52.0,0.0,Pasig,1,14.583771,121.059675
10097000.0,1.0,1.0,51.0,0.0,Quezon City,1,14.605396,121.081903
40006000.0,2.0,2.0,110.0,0.0,Pasig,1,14.575822,121.064324
11188800.0,1.0,1.0,52.0,0.0,Pasig,1,14.583771,121.059675
11144000.0,1.0,1.0,44.0,0.0,Pasig,1,14.583771,121.059675
15297000.0,1.0,0.0,56.0,0.0,Pasig,1,14.588882,121.079016
12835200.0,1.0,1.0,49.0,0.0,Pasig,1,14.583771,121.059675
28366000.0,1.0,1.0,69.0,0.0,Pasig,1,14.588377,121.059897
6200000.0,1.0,1.0,24.0,0.0,Binan,1,14.3336384,121.0555577
18500000.0,2.0,2.0,79.0,0.0,Binan,1,14.3336384,121.0555577
7699883.0,1.0,1.0,31.0,0.0,Mandaluyong,1,14.578255,121.052143
7320000.0,1.0,2.0,50.0,0.0,Davao,1,7.095857,125.630475
8990000.0,1.0,1.0,51.0,0.0,Quezon City,1,14.605396,121.081903
22557000.0,1.0,1.0,66.0,0.0,Pasig,1,14.575822,121.064324
33871000.0,2.0,2.0,106.0,0.0,Pasig,1,14.575421,121.063867
11932768.0,1.0,1.0,57.0,0.0,Mandaluyong,1,14.578255,121.052143
25686000.0,2.0,0.0,89.0,0.0,Pasig,1,14.588882,121.079016
11144000.0,1.0,1.0,44.0,0.0,Pasig,1,14.583771,121.059675
17912600.0,2.0,2.0,74.0,0.0,Pasig,1,14.583771,121.059675
37825000.0,0.0,0.0,108.0,0.0,Pasig,1,14.588716,121.060009
16052000.0,1.0,0.0,58.0,0.0,Pasig,1,14.588882,121.079016
6363100.0,2.0,1.0,35.0,0.0,Quezon City,1,14.68155,121.0198
14474200.0,1.0,1.0,59.0,0.0,Pasig,1,14.583771,121.059675
25686000.0,2.0,1.0,89.0,0.0,Pasig,1,14.588882,121.079016
33574000.0,2.0,2.0,106.0,0.0,Pasig,1,14.575822,121.064324
7419580.0,1.0,1.0,32.0,0.0,Mandaluyong,1,14.578255,121.052143
12488000.0,1.0,1.0,58.0,0.0,Pasig,1,14.583771,121.059675
12196800.0,1.0,1.0,57.0,0.0,Pasig,1,14.583771,121.059675
11345600.0,1.0,1.0,48.0,0.0,Pasig,1,14.583771,121.059675
11144000.0,1.0,1.0,44.0,0.0,Pasig,1,14.583771,121.059675
13209600.0,1.0,1.0,52.0,0.0,Pasig,1,14.583771,121.059675
2810000.0,1.0,1.0,24.0,0.0,Cebu,1,10.3058395,123.8908567
10752000.0,1.0,1.0,46.0,0.0,Pasig,1,14.583771,121.059675
40953000.0,0.0,0.0,115.0,0.0,Pasig,1,14.588716,121.060009
31821000.0,2.0,2.0,104.0,0.0,Pasig,1,14.575822,121.064324
8473000.0,4.0,0.0,155.0,66.0,Dasmarinas,0,14.304975,120.944111
8990000.0,1.0,1.0,51.0,0.0,Quezon City,1,14.605396,121.081903
11020800.0,1.0,1.0,47.0,0.0,Pasig,1,14.583771,121.059675
33871000.0,2.0,2.0,106.0,0.0,Pasig,1,14.575421,121.063867
7320000.0,1.0,2.0,50.0,0.0,Davao,1,7.095857,125.630475
22557000.0,1.0,1.0,66.0,0.0,Pasig,1,14.575822,121.064324
18500000.0,2.0,2.0,79.0,0.0,Binan,1,14.3336384,121.0555577
6200000.0,1.0,1.0,24.0,0.0,Binan,1,14.3336384,121.0555577
42048000.0,2.0,2.0,114.0,0.0,Pasig,1,14.588377,121.059897
31569000.0,2.0,2.0,104.0,0.0,Pasig,1,14.575822,121.064324
25579000.0,2.0,0.0,89.0,0.0,Pasig,1,14.588882,121.079016
8569389.0,1.0,1.0,37.0,0.0,Mandaluyong,1,14.578255,121.052143
27298000.0,2.0,0.0,89.0,0.0,Pasig,1,14.588882,121.079016
28366000.0,1.0,1.0,69.0,0.0,Pasig,1,14.588377,121.059897
10097000.0,1.0,1.0,51.0,0.0,Quezon City,1,14.605396,121.081903
12835200.0,1.0,1.0,49.0,0.0,Pasig,1,14.583771,121.059675
40006000.0,2.0,2.0,110.0,0.0,Pasig,1,14.575822,121.064324
11188800.0,1.0,1.0,52.0,0.0,Pasig,1,14.583771,121.059675
11144000.0,1.0,1.0,44.0,0.0,Pasig,1,14.583771,121.059675
26951000.0,1.0,1.0,70.0,0.0,Pasig,1,14.588377,121.059897
42394000.0,2.0,2.0,116.0,0.0,Pasig,1,14.575822,121.064324
15297000.0,1.0,0.0,56.0,0.0,Pasig,1,14.588882,121.079016
11166400.0,1.0,1.0,52.0,0.0,Pasig,1,14.583771,121.059675
11300800.0,1.0,1.0,52.0,0.0,Pasig,1,14.583771,121.059675
7699883.0,1.0,1.0,31.0,0.0,Mandaluyong,1,14.578255,121.052143
28903000.0,3.0,0.0,250.0,93.0,Muntinlupa,0,14.434669,121.040194
8746000.0,1.0,0.0,35.0,0.0,Pasig,1,14.588882,121.079016
10100000.0,2.0,2.0,68.0,0.0,Quezon City,1,14.644874,121.050593
32037000.0,0.0,0.0,93.0,0.0,Pasig,1,14.588716,121.060009
46903000.0,2.0,1.0,137.0,0.0,Pasig,1,14.588882,121.079016
16242000.0,1.0,0.0,58.0,0.0,Pasig,1,14.588882,121.079016
26777000.0,1.0,1.0,70.0,0.0,Pasig,1,14.588377,121.059897
25296000.0,3.0,0.0,250.0,92.0,Muntinlupa,0,14.434669,121.040194
25496000.0,3.0,0.0,250.0,92.0,Muntinlupa,0,14.434669,121.040194
25471000.0,2.0,1.0,89.0,0.0,Pasig,1,14.588882,121.079016
8360751.0,1.0,1.0,33.0,0.0,Mandaluyong,1,14.578255,121.052143
8237774.0,1.0,1.0,36.0,0.0,Mandaluyong,1,14.578255,121.052143
11932768.0,1.0,1.0,57.0,0.0,Mandaluyong,1,14.578255,121.052143
40650000.0,0.0,0.0,115.0,0.0,Pasig,1,14.588716,121.060009
32795000.0,0.0,0.0,93.0,0.0,Pasig,1,14.582707,121.061458
5008864.0,2.0,1.0,37.0,0.0,Pasig,1,14.555535,121.090095
10998400.0,1.0,1.0,44.0,0.0,Pasig,1,14.583771,121.059675
25686000.0,2.0,0.0,89.0,0.0,Pasig,1,14.588882,121.079016
12196800.0,1.0,1.0,57.0,0.0,Pasig,1,14.583771,121.059675
11144000.0,1.0,1.0,44.0,0.0,Pasig,1,14.583771,121.059675
32037000.0,0.0,0.0,93.0,0.0,Pasig,1,14.588716,121.060009
7091280.0,1.0,1.0,32.0,0.0,Mandaluyong,1,14.578255,121.052143
31357000.0,0.0,0.0,93.0,0.0,Pasig,1,14.588716,121.060009
36903000.0,0.0,0.0,108.0,0.0,Pasig,1,14.588716,121.060009
25686000.0,2.0,0.0,89.0,0.0,Pasig,1,14.588882,121.079016
10100000.0,2.0,2.0,68.0,0.0,Quezon City,1,14.644874,121.050593
8746000.0,1.0,0.0,35.0,0.0,Pasig,1,14.588882,121.079016
5013000.0,2.0,0.0,53.0,88.0,Malolos,0,14.8743986,120.7973062
6088000.0,3.0,0.0,66.0,99.0,Malolos,0,14.8743986,120.7973062
11334400.0,1.0,1.0,52.0,0.0,Pasig,1,14.583771,121.059675
4516000.0,2.0,0.0,53.0,88.0,San Jose del Monte,0,14.8450503,121.0612785
56507000.0,2.0,1.0,164.0,0.0,Pasig,1,14.588882,121.079016
9046000.0,2.0,1.0,44.0,0.0,Baguio,1,16.419598,120.626852
24586800.0,3.0,2.0,102.0,0.0,Pasig,1,14.583771,121.059675
27298000.0,2.0,1.0,89.0,0.0,Pasig,1,14.588882,121.079016
7320000.0,1.0,2.0,50.0,0.0,Davao,1,7.095857,125.630475
31892000.0,0.0,0.0,93.0,0.0,Pasig,1,14.588716,121.060009
16042000.0,1.0,0.0,58.0,0.0,Pasig,1,14.588882,121.079016
16007000.0,1.0,0.0,57.0,0.0,Pasig,1,14.588882,121.079016
26699000.0,0.0,0.0,100.0,0.0,Pasig,1,14.587964,121.079045
28012000.0,1.0,1.0,69.0,0.0,Pasig,1,14.588377,121.059897
15229000.0,1.0,0.0,56.0,0.0,Pasig,1,14.588882,121.079016
21987000.0,1.0,1.0,67.0,0.0,Pasig,1,14.575822,121.064324
6363100.0,2.0,1.0,35.0,0.0,Quezon City,1,14.68155,121.0198
52000000.0,0.0,0.0,305.0,0.0,Makati,1,14.5596699,121.0206028
18013400.0,2.0,2.0,74.0,0.0,Pasig,1,14.583771,121.059675
9397390.0,1.0,1.0,46.0,0.0,Quezon City,1,14.605396,121.081903
27512000.0,2.0,0.0,89.0,0.0,Pasig,1,14.588882,121.079016
16351000.0,1.0,0.0,57.0,0.0,Pasig,1,14.588882,121.079016
2687891.0,1.0,1.0,23.0,0.0,Las Pinas,1,14.4324914,121.0140532
7744557.0,1.0,1.0,31.0,0.0,Mandaluyong,1,14.578255,121.052143
7722220.0,1.0,1.0,31.0,0.0,Mandaluyong,1,14.578255,121.052143
7961545.0,1.0,1.0,31.0,0.0,Mandaluyong,1,14.578255,121.052143
7432712.0,1.0,1.0,32.0,0.0,Mandaluyong,1,14.578255,121.052143
22863000.0,1.0,1.0,70.0,0.0,Pasig,1,14.575822,121.064324
9206000.0,1.0,0.0,32.0,0.0,Pasig,1,14.588882,121.079016
9046000.0,2.0,1.0,44.0,0.0,Baguio,1,16.419598,120.626852
15902000.0,1.0,0.0,58.0,0.0,Pasig,1,14.588882,121.079016
56507000.0,2.0,1.0,164.0,0.0,Pasig,1,14.588882,121.079016
27298000.0,2.0,1.0,89.0,0.0,Pasig,1,14.588882,121.079016
24586800.0,3.0,2.0,102.0,0.0,Pasig,1,14.583771,121.059675
44002000.0,2.0,2.0,109.0,0.0,Pasig,1,14.588377,121.059897
7961511.0,1.0,1.0,33.0,0.0,Mandaluyong,1,14.578255,121.052143
24000000.0,0.0,0.0,88.0,0.0,Pasig,1,14.587964,121.079045
16420000.0,1.0,0.0,57.0,0.0,Pasig,1,14.588882,121.079016
15560000.0,1.0,0.0,53.0,0.0,Pasig,1,14.588882,121.079016
56826000.0,3.0,3.0,151.0,0.0,Pasig,1,14.575822,121.064324
16262000.0,1.0,0.0,58.0,0.0,Pasig,1,14.588882,121.079016
15229000.0,1.0,0.0,56.0,0.0,Pasig,1,14.588882,121.079016
11088000.0,1.0,1.0,47.0,0.0,Pasig,1,14.583771,121.059675
15762000.0,1.0,0.0,58.0,0.0,Pasig,1,14.588882,121.079016
15601000.0,1.0,0.0,58.0,0.0,Pasig,1,14.588882,121.079016
15737000.0,1.0,0.0,58.0,0.0,Pasig,1,14.588882,121.079016
15033000.0,1.0,0.0,52.0,0.0,Pasig,1,14.588882,121.079016
15912000.0,1.0,0.0,58.0,0.0,Pasig,1,14.588882,121.079016
8957000.0,1.0,1.0,35.0,0.0,Pasig,1,14.588882,121.079016
16042000.0,1.0,0.0,58.0,0.0,Pasig,1,14.588882,121.079016
18126000.0,1.0,0.0,58.0,0.0,Pasig,1,14.588882,121.079016
16549000.0,1.0,0.0,57.0,0.0,Pasig,1,14.588882,121.079016
27975000.0,0.0,0.0,82.0,0.0,Pasig,1,14.588716,121.060009
26699000.0,0.0,0.0,100.0,0.0,Pasig,1,14.587964,121.079045
16007000.0,1.0,0.0,57.0,0.0,Pasig,1,14.588882,121.079016
15762000.0,1.0,0.0,56.0,0.0,Pasig,1,14.588882,121.079016
6363100.0,2.0,1.0,35.0,0.0,Quezon City,1,14.68155,121.0198
8151000.0,1.0,0.0,32.0,0.0,Pasig,1,14.588882,121.079016
15972000.0,1.0,1.0,58.0,0.0,Pasig,1,14.588882,121.079016
16283000.0,1.0,1.0,57.0,0.0,Pasig,1,14.588882,121.079016
11571000.0,1.0,1.0,39.0,0.0,Pasig,1,14.575822,121.064324
28221000.0,0.0,0.0,100.0,0.0,Pasig,1,14.587964,121.079045
40859000.0,0.0,0.0,114.0,0.0,Pasig,1,14.588716,121.060009
28012000.0,1.0,1.0,69.0,0.0,Pasig,1,14.588377,121.059897
28080000.0,1.0,1.0,69.0,0.0,Pasig,1,14.588377,121.059897
27106000.0,1.0,1.0,70.0,0.0,Pasig,1,14.588377,121.059897
26767000.0,1.0,1.0,74.0,0.0,Pasig,1,14.588377,121.059897
22974000.0,1.0,1.0,67.0,0.0,Pasig,1,14.575822,121.064324
21596000.0,1.0,1.0,66.0,0.0,Pasig,1,14.575822,121.064324
11793000.0,1.0,1.0,39.0,0.0,Pasig,1,14.575822,121.064324
27405000.0,2.0,0.0,89.0,0.0,Pasig,1,14.588882,121.079016
27516000.0,0.0,0.0,77.0,0.0,Pasig,1,14.588716,121.060009
12263600.0,1.0,1.0,48.0,0.0,Pasig,1,14.583771,121.059675
14103600.0,1.0,1.0,58.0,0.0,Pasig,1,14.583771,121.059675
2389000.0,3.0,0.0,50.0,50.0,General Trias,0,14.37318,120.896613
22749000.0,1.0,1.0,66.0,0.0,Pasig,1,14.575822,121.064324
17743600.0,2.0,2.0,74.0,0.0,Pasig,1,14.583771,121.059675
36089000.0,0.0,0.0,106.0,0.0,Pasig,1,14.588716,121.060009
21987000.0,1.0,1.0,67.0,0.0,Pasig,1,14.575822,121.064324
15297000.0,1.0,0.0,56.0,0.0,Pasig,1,14.588882,121.079016
17855600.0,2.0,2.0,74.0,0.0,Pasig,1,14.583771,121.059675
11619300.0,1.0,1.0,43.0,0.0,Pasig,1,14.583771,121.059675
15229000.0,1.0,0.0,56.0,0.0,Pasig,1,14.588882,121.079016
12230400.0,1.0,1.0,57.0,0.0,Pasig,1,14.583771,121.059675
31632000.0,0.0,0.0,93.0,0.0,Pasig,1,14.582707,121.061458
31939000.0,0.0,0.0,93.0,0.0,Pasig,1,14.582707,121.061458
16052000.0,1.0,0.0,58.0,0.0,Pasig,1,14.588882,121.079016
16322000.0,1.0,0.0,58.0,0.0,Pasig,1,14.588882,121.079016
32651000.0,0.0,0.0,93.0,0.0,Pasig,1,14.588716,121.060009
16462000.0,1.0,0.0,58.0,0.0,Pasig,1,14.588882,121.079016
40422000.0,0.0,0.0,115.0,0.0,Pasig,1,14.588716,121.060009
31449000.0,0.0,0.0,93.0,0.0,Pasig,1,14.588716,121.060009
10752000.0,1.0,1.0,46.0,0.0,Pasig,1,14.583771,121.059675
11110400.0,1.0,1.0,44.0,0.0,Pasig,1,14.583771,121.059675
9440500.0,4.0,0.0,173.0,168.0,Porac,0,15.119767,120.560714
8862000.0,1.0,0.0,35.0,0.0,Pasig,1,14.588882,121.079016
16332000.0,1.0,0.0,58.0,0.0,Pasig,1,14.588882,121.079016
23671000.0,1.0,1.0,70.0,0.0,Pasig,1,14.575822,121.064324
27006000.0,1.0,1.0,74.0,0.0,Pasig,1,14.588377,121.059897
26116000.0,2.0,1.0,89.0,0.0,Pasig,1,14.588882,121.079016
3167280.0,1.0,1.0,24.0,0.0,Quezon City,1,14.646511,120.996952
16462000.0,1.0,0.0,58.0,0.0,Pasig,1,14.588882,121.079016
31449000.0,0.0,0.0,93.0,0.0,Pasig,1,14.588716,121.060009
16052000.0,1.0,0.0,58.0,0.0,Pasig,1,14.588882,121.079016
16549000.0,1.0,0.0,57.0,0.0,Pasig,1,14.588882,121.079016
16076000.0,1.0,0.0,57.0,0.0,Pasig,1,14.588882,121.079016
11110400.0,1.0,1.0,44.0,0.0,Pasig,1,14.583771,121.059675
46469000.0,2.0,2.0,114.0,0.0,Pasig,1,14.588377,121.059897
27512000.0,2.0,1.0,89.0,0.0,Pasig,1,14.588882,121.079016
8323000.0,1.0,1.0,35.0,0.0,Pasig,1,14.588882,121.079016
23188000.0,1.0,1.0,67.0,0.0,Pasig,1,14.575822,121.064324
14971000.0,1.0,0.0,52.0,0.0,Pasig,1,14.588882,121.079016
7802700.0,3.0,2.0,54.0,0.0,Quezon City,1,14.68155,121.0198
27705000.0,3.0,0.0,250.0,125.0,Muntinlupa,0,14.434669,121.040194
9440500.0,4.0,0.0,173.0,168.0,Porac,0,15.119767,120.560714
23671000.0,1.0,1.0,70.0,0.0,Pasig,1,14.575822,121.064324
2239999.0,2.0,0.0,42.0,60.0,Dasmarinas,0,14.304975,120.944111
16332000.0,1.0,0.0,58.0,0.0,Pasig,1,14.588882,121.079016
3167280.0,1.0,1.0,24.0,0.0,Quezon City,1,14.646511,120.996952
8862000.0,1.0,0.0,35.0,0.0,Pasig,1,14.588882,121.079016
25901000.0,2.0,0.0,89.0,0.0,Pasig,1,14.588882,121.079016
6626880.0,3.0,2.0,46.0,0.0,Quezon City,1,14.631613,121.023475
27006000.0,1.0,1.0,74.0,0.0,Pasig,1,14.588377,121.059897
26116000.0,2.0,1.0,89.0,0.0,Pasig,1,14.588882,121.079016
25296000.0,3.0,0.0,250.0,92.0,Muntinlupa,0,14.434669,121.040194
40322000.0,3.0,0.0,323.0,90.0,Muntinlupa,0,14.434669,121.040194
12415000.0,1.0,1.0,45.0,0.0,Pasig,1,14.575822,121.064324
12094554.0,1.0,1.0,54.0,0.0,Mandaluyong,1,14.578255,121.052143
25901000.0,2.0,1.0,89.0,0.0,Pasig,1,14.588882,121.079016
26577000.0,1.0,1.0,74.0,0.0,Pasig,1,14.588377,121.059897
7722220.0,1.0,1.0,31.0,0.0,Mandaluyong,1,14.578255,121.052143
7744557.0,1.0,1.0,31.0,0.0,Mandaluyong,1,14.578255,121.052143
7961545.0,1.0,1.0,31.0,0.0,Mandaluyong,1,14.578255,121.052143
7432712.0,1.0,1.0,32.0,0.0,Mandaluyong,1,14.578255,121.052143
9206000.0,1.0,0.0,32.0,0.0,Pasig,1,14.588882,121.079016
15902000.0,1.0,0.0,58.0,0.0,Pasig,1,14.588882,121.079016
2687891.0,1.0,1.0,23.0,0.0,Las Pinas,1,14.4324914,121.0140532
22863000.0,1.0,1.0,70.0,0.0,Pasig,1,14.575822,121.064324
11334400.0,1.0,1.0,44.0,0.0,Pasig,1,14.583771,121.059675
11088000.0,1.0,1.0,47.0,0.0,Pasig,1,14.583771,121.059675
2810000.0,1.0,1.0,24.0,0.0,Cebu,1,10.3058395,123.8908567
6363100.0,2.0,1.0,35.0,0.0,Quezon City,1,14.68155,121.0198
9499000.0,1.0,0.0,35.0,0.0,Pasig,1,14.588882,121.079016
11526579.0,1.0,1.0,54.0,0.0,Mandaluyong,1,14.578255,121.052143
3243000.0,2.0,0.0,40.0,63.0,Malolos,0,14.8743986,120.7973062
6975000.0,5.0,0.0,100.0,121.0,San Jose del Monte,0,14.8450503,121.0612785
2313000.0,2.0,0.0,36.0,42.0,San Jose del Monte,0,14.8450503,121.0612785
23745000.0,0.0,0.0,88.0,0.0,Pasig,1,14.587964,121.079045
37666000.0,0.0,0.0,108.0,0.0,Pasig,1,14.588716,121.060009
32342000.0,0.0,0.0,93.0,0.0,Pasig,1,14.588716,121.060009
5310000.0,2.0,1.0,36.0,0.0,Quezon City,1,14.646511,120.996952
7320000.0,1.0,2.0,50.0,0.0,Davao,1,7.095857,125.630475
7320000.0,1.0,2.0,50.0,0.0,Davao,1,7.095857,125.630475
7776467.0,1.0,1.0,31.0,0.0,Mandaluyong,1,14.578255,121.052143
10752000.0,1.0,1.0,46.0,0.0,Pasig,1,14.583771,121.059675
24586800.0,3.0,2.0,102.0,0.0,Pasig,1,14.583771,121.059675
14278110.0,2.0,2.0,67.0,0.0,Quezon City,1,14.605396,121.081903
14474200.0,1.0,1.0,59.0,0.0,Pasig,1,14.583771,121.059675
27934000.0,0.0,0.0,82.0,0.0,Pasig,1,14.588716,121.060009
7288260.0,1.0,1.0,32.0,0.0,Mandaluyong,1,14.578255,121.052143
31312000.0,0.0,0.0,93.0,0.0,Pasig,1,14.588716,121.060009
2810000.0,1.0,1.0,24.0,0.0,Cebu,1,10.3058395,123.8908567
35907000.0,2.0,2.0,106.0,0.0,Pasig,1,14.575822,121.064324
11166400.0,1.0,1.0,52.0,0.0,Pasig,1,14.583771,121.059675
12196800.0,1.0,1.0,57.0,0.0,Pasig,1,14.583771,121.059675
12770800.0,1.0,1.0,52.0,0.0,Pasig,1,14.583771,121.059675
14587200.0,1.0,1.0,59.0,0.0,Pasig,1,14.583771,121.059675
12540432.0,1.0,1.0,57.0,0.0,Mandaluyong,1,14.578255,121.052143
11334400.0,1.0,1.0,52.0,0.0,Pasig,1,14.583771,121.059675
13108800.0,1.0,1.0,52.0,0.0,Pasig,1,14.583771,121.059675
7500000.0,1.0,1.0,37.0,0.0,Paranaque,1,14.499387,121.025633
11166400.0,1.0,1.0,52.0,0.0,Pasig,1,14.583771,121.059675
13096600.0,1.0,1.0,52.0,0.0,Pasig,1,14.583771,121.059675
12488000.0,1.0,1.0,58.0,0.0,Pasig,1,14.583771,121.059675
11054400.0,1.0,1.0,47.0,0.0,Pasig,1,14.583771,121.059675
7320000.0,1.0,2.0,50.0,0.0,Davao,1,7.095857,125.630475
8028051.0,1.0,1.0,33.0,0.0,Mandaluyong,1,14.578255,121.052143
7776467.0,1.0,1.0,31.0,0.0,Mandaluyong,1,14.578255,121.052143
14278110.0,2.0,2.0,67.0,0.0,Quezon City,1,14.605396,121.081903
14474200.0,1.0,1.0,59.0,0.0,Pasig,1,14.583771,121.059675
27934000.0,0.0,0.0,82.0,0.0,Pasig,1,14.588716,121.060009
24586800.0,3.0,2.0,102.0,0.0,Pasig,1,14.583771,121.059675
7320000.0,1.0,2.0,50.0,0.0,Davao,1,7.095857,125.630475
6363100.0,2.0,1.0,35.0,0.0,Quezon City,1,14.68155,121.0198
16242999.0,2.0,2.0,84.0,0.0,Mandaluyong,1,14.578255,121.052143
39675000.0,3.0,0.0,323.0,90.0,Muntinlupa,0,14.434669,121.040194
16940448.0,2.0,2.0,84.0,0.0,Mandaluyong,1,14.578255,121.052143
39027000.0,3.0,0.0,323.0,106.0,Muntinlupa,0,14.434669,121.040194
39027000.0,3.0,0.0,323.0,105.0,Muntinlupa,0,14.434669,121.040194
39675000.0,3.0,0.0,323.0,90.0,Muntinlupa,0,14.434669,121.040194
11334400.0,1.0,1.0,52.0,0.0,Pasig,1,14.583771,121.059675
11166400.0,1.0,1.0,52.0,0.0,Pasig,1,14.583771,121.059675
12196800.0,1.0,1.0,57.0,0.0,Pasig,1,14.583771,121.059675
12540432.0,1.0,1.0,57.0,0.0,Mandaluyong,1,14.578255,121.052143
35907000.0,2.0,2.0,106.0,0.0,Pasig,1,14.575822,121.064324
28344000.0,0.0,0.0,101.0,0.0,Pasig,1,14.587964,121.079045
26561000.0,0.0,0.0,100.0,0.0,Pasig,1,14.587964,121.079045
6577000.0,1.0,1.0,43.0,0.0,Baguio,1,16.419598,120.626852
27007000.0,0.0,0.0,100.0,0.0,Pasig,1,14.587964,121.079045
31032000.0,0.0,0.0,90.0,0.0,Pasig,1,14.588716,121.060009
27122000.0,0.0,0.0,101.0,0.0,Pasig,1,14.587964,121.079045
31312000.0,0.0,0.0,93.0,0.0,Pasig,1,14.588716,121.060009
31357000.0,0.0,0.0,93.0,0.0,Pasig,1,14.588716,121.060009
22111600.0,3.0,2.0,98.0,0.0,Pasig,1,14.583771,121.059675
26208000.0,0.0,0.0,75.0,0.0,Pasig,1,14.588716,121.060009
7288260.0,1.0,1.0,32.0,0.0,Mandaluyong,1,14.578255,121.052143
34599000.0,2.0,2.0,106.0,0.0,Pasig,1,14.575822,121.064324
2810000.0,1.0,1.0,24.0,0.0,Cebu,1,10.3058395,123.8908567
31337000.0,0.0,0.0,90.0,0.0,Pasig,1,14.588716,121.060009
12770800.0,1.0,1.0,52.0,0.0,Pasig,1,14.583771,121.059675
14587200.0,1.0,1.0,59.0,0.0,Pasig,1,14.583771,121.059675
8999000.0,1.0,0.0,35.0,0.0,Pasig,1,14.588882,121.079016
7802700.0,3.0,2.0,54.0,0.0,Quezon City,1,14.68155,121.0198
16940448.0,2.0,2.0,84.0,0.0,Mandaluyong,1,14.578255,121.052143
16940448.0,2.0,2.0,84.0,0.0,Mandaluyong,1,14.578255,121.052143
39675000.0,3.0,0.0,323.0,92.0,Muntinlupa,0,14.434669,121.040194
40322000.0,3.0,0.0,323.0,91.0,Muntinlupa,0,14.434669,121.040194
10752000.0,1.0,1.0,46.0,0.0,Pasig,1,14.583771,121.059675
37666000.0,0.0,0.0,108.0,0.0,Pasig,1,14.588716,121.060009
32342000.0,0.0,0.0,93.0,0.0,Pasig,1,14.588716,121.060009
42157000.0,2.0,2.0,114.0,0.0,Pasig,1,14.588377,121.059897
13096600.0,1.0,1.0,52.0,0.0,Pasig,1,14.583771,121.059675
5310000.0,2.0,1.0,36.0,0.0,Quezon City,1,14.646511,120.996952
5690000.0,3.0,0.0,72.0,100.0,General Trias,0,14.37318,120.896613
5008864.0,2.0,1.0,37.0,0.0,Pasig,1,14.555535,121.090095
25471000.0,2.0,0.0,89.0,0.0,Pasig,1,14.588882,121.079016
27332000.0,1.0,1.0,70.0,0.0,Pasig,1,14.588377,121.059897
27144000.0,1.0,1.0,70.0,0.0,Pasig,1,14.588377,121.059897
26116000.0,2.0,0.0,89.0,0.0,Pasig,1,14.588882,121.079016
7580447.0,1.0,1.0,32.0,0.0,Mandaluyong,1,14.578255,121.052143
37798000.0,0.0,0.0,141.0,0.0,Pasig,1,14.587964,121.079045
11267200.0,1.0,1.0,52.0,0.0,Pasig,1,14.583771,121.059675
26774000.0,1.0,1.0,74.0,0.0,Pasig,1,14.588377,121.059897
45954000.0,2.0,2.0,114.0,0.0,Pasig,1,14.588377,121.059897
8018983.0,1.0,1.0,31.0,0.0,Mandaluyong,1,14.578255,121.052143
27462000.0,1.0,1.0,70.0,0.0,Pasig,1,14.588377,121.059897
2389000.0,3.0,0.0,50.0,50.0,Imus,0,14.4084872,120.9062254
26708000.0,1.0,1.0,70.0,0.0,Pasig,1,14.588377,121.059897
29298000.0,2.0,0.0,89.0,0.0,Pasig,1,14.588882,121.079016
6709750.0,1.0,0.0,40.0,0.0,Cebu,1,10.3084189,123.9157609
52075000.0,3.0,3.0,147.0,0.0,Pasig,1,14.575822,121.064324
8323000.0,1.0,0.0,35.0,0.0,Pasig,1,14.588882,121.079016
41239000.0,0.0,0.0,115.0,0.0,Pasig,1,14.588716,121.060009
28932000.0,0.0,0.0,84.0,0.0,Pasig,1,14.588716,121.060009
52075000.0,3.0,3.0,147.0,0.0,Pasig,1,14.575822,121.064324
35996000.0,2.0,2.0,106.0,0.0,Pasig,1,14.575822,121.064324
7500000.0,1.0,1.0,37.0,0.0,Paranaque,1,14.499387,121.025633
13108800.0,1.0,1.0,52.0,0.0,Pasig,1,14.583771,121.059675
12488000.0,1.0,1.0,58.0,0.0,Pasig,1,14.583771,121.059675
13096600.0,1.0,1.0,52.0,0.0,Pasig,1,14.583771,121.059675
11166400.0,1.0,1.0,52.0,0.0,Pasig,1,14.583771,121.059675
11054400.0,1.0,1.0,47.0,0.0,Pasig,1,14.583771,121.059675
31971000.0,2.0,2.0,104.0,0.0,Pasig,1,14.575822,121.064324
36157000.0,2.0,2.0,106.0,0.0,Pasig,1,14.575822,121.064324
32474000.0,2.0,2.0,104.0,0.0,Pasig,1,14.575822,121.064324
8414000.0,1.0,0.0,34.0,0.0,Pasig,1,14.588882,121.079016
8414000.0,1.0,0.0,34.0,0.0,Pasig,1,14.588882,121.079016
27646000.0,1.0,1.0,70.0,0.0,Pasig,1,14.588377,121.059897
33272000.0,2.0,2.0,106.0,0.0,Pasig,1,14.575822,121.064324
5770000.0,4.0,0.0,80.0,110.0,Calamba,0,14.188482,121.109967
11700000.0,2.0,1.0,58.0,0.0,Paranaque,1,14.499387,121.025633
8957000.0,1.0,0.0,35.0,0.0,Pasig,1,14.588882,121.079016
8365000.0,1.0,0.0,35.0,0.0,Pasig,1,14.588882,121.079016
13096600.0,1.0,1.0,52.0,0.0,Pasig,1,14.583771,121.059675
12995800.0,1.0,1.0,52.0,0.0,Pasig,1,14.583771,121.059675
17641900.0,2.0,2.0,74.0,0.0,Pasig,1,14.583771,121.059675
14632000.0,1.0,1.0,59.0,0.0,Pasig,1,14.583771,121.059675
5479920.0,2.0,1.0,36.0,0.0,Quezon City,1,14.646511,120.996952
28056000.0,0.0,0.0,82.0,0.0,Pasig,1,14.588716,121.060009
41924000.0,2.0,2.0,114.0,0.0,Pasig,1,14.588377,121.059897
14278110.0,2.0,2.0,67.0,0.0,Quezon City,1,14.605396,121.081903
7320000.0,1.0,2.0,50.0,0.0,Davao,1,7.095857,125.630475
11054400.0,1.0,1.0,47.0,0.0,Pasig,1,14.583771,121.059675
2313805.0,2.0,1.0,66.0,101.0,San Fabian,0,16.1312941,120.409501
2517220.0,2.0,2.0,54.0,87.0,Dagupan,0,16.0463606,120.3351374
3898636.0,3.0,2.0,129.0,166.0,San Fabian,0,16.1301442,120.3994075
3271628.0,2.0,2.0,74.0,100.0,Urdaneta,0,15.9789118,120.5799138
8277042.0,5.0,5.0,210.0,248.0,Binmaley,0,16.0210687,120.2548867
2712187.0,2.0,2.0,56.0,100.0,Urdaneta,0,15.9798705,120.566645
7415314.0,4.0,2.0,180.0,204.0,Calasiao,0,16.0085242,120.3509443
3630108.0,3.0,1.0,105.0,178.0,Manaoag,0,16.0522541,120.4969514
4521355.0,3.0,1.0,105.0,138.0,Lingayen,0,16.0319405,120.2357856
5329951.0,3.0,1.0,126.0,180.0,Lingayen,0,16.018253,120.234006
5031411.0,5.0,5.0,130.0,205.0,Urdaneta,0,15.9796234,120.5794624
8646051.0,5.0,4.0,220.0,269.0,Rosales,0,15.9062324,120.6466234
5182807.0,4.0,2.0,140.0,167.0,San Fabian,0,16.1139447,120.3892974
3714798.0,3.0,1.0,84.0,159.0,Santa Barbara,0,16.0051691,120.3917852
3937093.0,4.0,3.0,100.0,127.0,San Carlos,0,15.9193836,120.3411261
7751953.0,5.0,5.0,210.0,279.0,Dagupan,0,16.0480925,120.3467055
4018659.0,3.0,1.0,93.0,158.0,Lingayen,0,16.0352545,120.2359963
2217632.0,2.0,2.0,64.0,88.0,Pozorrubio,0,16.1112493,120.5347034
2225242.0,2.0,2.0,54.0,131.0,Alaminos,0,16.1388257,119.9727401
5130126.0,3.0,1.0,129.0,185.0,Binmaley,0,16.0388386,120.2770249
7955973.0,5.0,4.0,190.0,236.0,Dagupan,0,16.0485009,120.347825
4717728.0,4.0,4.0,128.0,160.0,Alaminos,0,16.1501584,119.9782564
2954632.0,2.0,1.0,84.0,110.0,Binmaley,0,16.0403808,120.2818699
8039465.0,5.0,4.0,200.0,233.0,Urdaneta,0,15.9657391,120.5557647
6800959.0,4.0,3.0,168.0,230.0,Lingayen,0,16.0110969,120.223031
4568503.0,4.0,4.0,104.0,161.0,Rosales,0,15.9046816,120.6367338
4708488.0,3.0,3.0,132.0,156.0,Pozorrubio,0,16.0971966,120.5545086
3706512.0,2.0,1.0,86.0,142.0,Rosales,0,15.9051412,120.6269278
4912687.0,4.0,3.0,116.0,178.0,Calasiao,0,16.0019853,120.3661559
3383316.0,2.0,2.0,84.0,117.0,Alaminos,0,16.1406737,119.9760703
7512791.0,4.0,4.0,156.0,229.0,Urdaneta,0,15.9791503,120.585317
4086272.0,4.0,2.0,112.0,192.0,Pozorrubio,0,16.0970629,120.5310111
4918799.0,4.0,2.0,124.0,189.0,San Carlos,0,15.9328249,120.3594874
3122427.0,2.0,2.0,90.0,137.0,Binmaley,0,16.0154064,120.2759336
5942412.0,5.0,3.0,190.0,245.0,Lingayen,0,16.0076573,120.2429932
6069556.0,4.0,2.0,168.0,197.0,Pozorrubio,0,16.0948549,120.5387395
3521390.0,3.0,1.0,96.0,158.0,Alaminos,0,16.1601035,119.992124
3451648.0,3.0,3.0,90.0,166.0,Rosales,0,15.8824808,120.6485346
3916388.0,4.0,4.0,112.0,156.0,Manaoag,0,16.034273,120.4972976
3170441.0,3.0,3.0,75.0,137.0,Calasiao,0,16.0023479,120.3695306
6517207.0,5.0,3.0,210.0,251.0,Lingayen,0,16.0317112,120.2243365
3228010.0,2.0,1.0,76.0,118.0,Lingayen,0,16.0235863,120.2318427
6257256.0,4.0,4.0,152.0,172.0,Rosales,0,15.8977057,120.6490079
4383520.0,4.0,3.0,108.0,188.0,San Fabian,0,16.1291016,120.3929388
7341849.0,5.0,4.0,185.0,249.0,Pozorrubio,0,16.0974186,120.5404134
5501857.0,4.0,3.0,168.0,241.0,San Fabian,0,16.1178074,120.4020966
7342941.0,5.0,4.0,195.0,258.0,Rosales,0,15.8912956,120.6478354
3084422.0,2.0,1.0,82.0,144.0,Santa Barbara,0,16.0114527,120.4097341
2954016.0,3.0,3.0,75.0,97.0,Lingayen,0,16.0237382,120.2395547
5627045.0,5.0,4.0,185.0,220.0,Manaoag,0,16.0543798,120.4986132
4452458.0,3.0,3.0,123.0,172.0,Villasis,0,15.8938759,120.5982501
7805994.0,4.0,3.0,176.0,248.0,San Carlos,0,15.9371171,120.3503362
6406790.0,5.0,4.0,160.0,233.0,Santa Barbara,0,16.0014379,120.3943774
4668821.0,3.0,2.0,105.0,145.0,Dagupan,0,16.0324512,120.3252378
3548067.0,2.0,1.0,76.0,117.0,San Carlos,0,15.9246732,120.340105
4996805.0,5.0,4.0,125.0,205.0,Manaoag,0,16.0502043,120.4984034
6052984.0,5.0,5.0,165.0,212.0,Manaoag,0,16.0392657,120.4928662
7191218.0,5.0,5.0,220.0,274.0,Manaoag,0,16.0453568,120.49269
3279445.0,3.0,2.0,90.0,113.0,San Fabian,0,16.1190206,120.402841
4895672.0,4.0,3.0,132.0,205.0,Villasis,0,15.8869815,120.5889826
2333488.0,2.0,2.0,64.0,96.0,Urdaneta,0,15.9679563,120.5699068
6118611.0,5.0,3.0,165.0,234.0,Rosales,0,15.8952768,120.649712
7519021.0,4.0,4.0,172.0,193.0,Dagupan,0,16.0486204,120.3470452
3063960.0,2.0,1.0,90.0,125.0,Santa Barbara,0,16.0124088,120.4052123
5457488.0,4.0,2.0,152.0,214.0,Villasis,0,15.9015788,120.5830369
2951700.0,2.0,1.0,72.0,132.0,Manaoag,0,16.0406646,120.4948139
8013570.0,5.0,4.0,215.0,252.0,Lingayen,0,16.0303219,120.2190999
5241342.0,5.0,4.0,125.0,176.0,Urdaneta,0,15.9754265,120.5663447
3554515.0,4.0,2.0,100.0,153.0,Calasiao,0,15.9997407,120.3557928
5885376.0,5.0,3.0,200.0,248.0,Villasis,0,15.8952271,120.584932
8701907.0,5.0,3.0,205.0,247.0,Lingayen,0,16.0153237,120.2375856
3650672.0,3.0,3.0,93.0,133.0,Lingayen,0,16.0339263,120.2372049
8780779.0,4.0,2.0,172.0,240.0,Urdaneta,0,15.96929,120.5587158
5379939.0,4.0,4.0,136.0,156.0,Lingayen,0,16.0136293,120.2457288
5179854.0,5.0,5.0,125.0,181.0,Lingayen,0,16.0197614,120.2267212
3080187.0,2.0,2.0,74.0,125.0,Lingayen,0,16.0242834,120.2181083
2720034.0,2.0,2.0,56.0,111.0,Villasis,0,15.9042838,120.5913526
7464580.0,5.0,4.0,170.0,245.0,Pozorrubio,0,16.1027614,120.5464308
2980584.0,3.0,1.0,93.0,129.0,Santa Barbara,0,15.994096,120.4037598
7311710.0,5.0,3.0,220.0,270.0,Alaminos,0,16.1436443,119.9868087
5036079.0,3.0,2.0,135.0,192.0,Binmaley,0,16.0187433,120.2595443
3051258.0,2.0,2.0,60.0,130.0,Lingayen,0,16.0278687,120.2335762
6552800.0,5.0,3.0,170.0,234.0,Binmaley,0,16.0303142,120.2676139
5782013.0,5.0,3.0,175.0,233.0,Rosales,0,15.8798398,120.6496573
4109368.0,4.0,2.0,104.0,172.0,Rosales,0,15.8926689,120.6340669
7989093.0,5.0,5.0,200.0,242.0,San Carlos,0,15.9218317,120.337038
7454286.0,5.0,4.0,185.0,257.0,Calasiao,0,16.0061448,120.3530355
3611841.0,2.0,1.0,84.0,133.0,Dagupan,0,16.0339275,120.3291534
2484075.0,2.0,2.0,66.0,121.0,Binmaley,0,16.0284435,120.2737475
5129980.0,3.0,2.0,126.0,146.0,Alaminos,0,16.1394963,119.9953677
3994920.0,3.0,2.0,102.0,154.0,Binmaley,0,16.0403417,120.2822073
6847232.0,5.0,5.0,220.0,272.0,Binmaley,0,16.0235874,120.2765002
3700869.0,2.0,1.0,68.0,141.0,Calasiao,0,16.0224671,120.3582892
7100944.0,4.0,3.0,168.0,236.0,Binmaley,0,16.0289603,120.2624533
7051758.0,5.0,5.0,190.0,212.0,Santa Barbara,0,16.0080568,120.4115423
6112648.0,5.0,5.0,145.0,197.0,San Fabian,0,16.135291,120.4154257
2307279.0,2.0,1.0,58.0,104.0,Dagupan,0,16.0423847,120.3473761
3435408.0,2.0,1.0,84.0,128.0,Rosales,0,15.9032715,120.621877
3056603.0,3.0,1.0,81.0,128.0,Urdaneta,0,15.9741104,120.57652
2804112.0,2.0,1.0,72.0,115.0,Alaminos,0,16.1440259,119.9779616
3265707.0,3.0,3.0,81.0,140.0,Villasis,0,15.90133,120.5902947
5188662.0,5.0,4.0,125.0,202.0,Binmaley,0,16.0356283,120.2575393
6158899.0,5.0,3.0,165.0,214.0,Calasiao,0,16.0224812,120.3692001
5388476.0,4.0,2.0,136.0,200.0,Urdaneta,0,15.9901383,120.5754469
5924612.0,5.0,4.0,160.0,218.0,Alaminos,0,16.1557985,119.9842267
3399922.0,2.0,1.0,90.0,112.0,Villasis,0,15.8874009,120.5837458
5700474.0,4.0,2.0,152.0,183.0,Dagupan,0,16.0518954,120.3445938
4705034.0,3.0,2.0,120.0,191.0,Pozorrubio,0,16.117727,120.5418499
6480484.0,5.0,3.0,180.0,205.0,San Carlos,0,15.9201338,120.3376077
6474972.0,5.0,3.0,180.0,206.0,San Fabian,0,16.1099507,120.415727
3574034.0,2.0,1.0,78.0,156.0,Calasiao,0,15.9960003,120.3449604
2968547.0,2.0,2.0,64.0,140.0,Lingayen,0,16.0170594,120.2276303
5395518.0,3.0,2.0,135.0,161.0,Santa Barbara,0,16.0150716,120.3955922
6122510.0,5.0,4.0,160.0,234.0,Calasiao,0,16.0219278,120.35462
5891812.0,5.0,4.0,155.0,182.0,Calasiao,0,16.0123831,120.3628511
4867666.0,4.0,4.0,116.0,186.0,Alaminos,0,16.1387583,119.9885547
3552079.0,3.0,2.0,87.0,157.0,Rosales,0,15.8854182,120.6503208
2485427.0,3.0,3.0,75.0,103.0,Pozorrubio,0,16.1172995,120.5349379
5055599.0,4.0,4.0,116.0,183.0,Alaminos,0,16.1401095,119.9675067
2937656.0,2.0,1.0,82.0,116.0,Villasis,0,15.8954489,120.5921002
5167362.0,5.0,4.0,140.0,191.0,Alaminos,0,16.163678,119.9752634
8502238.0,4.0,2.0,180.0,237.0,Dagupan,0,16.0397271,120.3362218
2616778.0,2.0,1.0,56.0,130.0,Binmaley,0,16.0282021,120.2794427
5690664.0,5.0,4.0,140.0,180.0,Calasiao,0,16.0124532,120.354829
2027539.0,2.0,2.0,54.0,79.0,San Fabian,0,16.1315377,120.4003794
4450128.0,4.0,2.0,112.0,158.0,Pozorrubio,0,16.1196428,120.5494318
5787228.0,4.0,4.0,172.0,224.0,Rosales,0,15.8968021,120.6275273
3830379.0,2.0,1.0,86.0,120.0,Calasiao,0,16.0217364,120.3681528
4469371.0,4.0,4.0,120.0,157.0,San Fabian,0,16.1197307,120.3946422
3152565.0,2.0,2.0,90.0,111.0,Rosales,0,15.883554,120.633395
6769996.0,4.0,2.0,140.0,209.0,San Carlos,0,15.9147487,120.3354783
3514786.0,2.0,1.0,78.0,140.0,Villasis,0,15.9046123,120.5852255
4900204.0,4.0,3.0,112.0,150.0,Villasis,0,15.902208,120.5820526
2637632.0,2.0,2.0,68.0,148.0,Manaoag,0,16.0505248,120.4814834
5756390.0,5.0,5.0,145.0,189.0,Alaminos,0,16.1517079,119.9906006
4674066.0,5.0,3.0,130.0,177.0,Calasiao,0,16.0201349,120.3694633
4544840.0,5.0,4.0,140.0,185.0,Manaoag,0,16.0327562,120.5012284
2525712.0,2.0,1.0,56.0,91.0,Santa Barbara,0,15.9989135,120.3895594
3579603.0,3.0,2.0,90.0,114.0,Lingayen,0,16.0213181,120.2223171
3095211.0,3.0,3.0,84.0,113.0,Calasiao,0,15.997705,120.3481861
5395563.0,3.0,1.0,120.0,169.0,San Fabian,0,16.1226672,120.4169246
6182352.0,4.0,4.0,156.0,180.0,San Fabian,0,16.1281416,120.4130899
2452764.0,2.0,1.0,78.0,126.0,Alaminos,0,16.1477621,119.9742123
8271535.0,5.0,3.0,210.0,280.0,Dagupan,0,16.0555715,120.3354497
4248207.0,3.0,3.0,117.0,143.0,Calasiao,0,16.0076365,120.3487768
7149984.0,5.0,3.0,205.0,264.0,Santa Barbara,0,15.9980856,120.3956868
3085810.0,2.0,1.0,90.0,131.0,Villasis,0,15.8892352,120.5931514
6324080.0,4.0,4.0,172.0,234.0,Lingayen,0,16.014707,120.2361816
3073892.0,2.0,1.0,84.0,128.0,Manaoag,0,16.0477035,120.4976688
6542730.0,5.0,3.0,180.0,201.0,San Fabian,0,16.1146079,120.3956258
2982510.0,3.0,3.0,87.0,111.0,Binmaley,0,16.0305307,120.2689931
4357714.0,4.0,2.0,116.0,174.0,Pozorrubio,0,16.0984674,120.5527404
6931944.0,5.0,5.0,190.0,233.0,Rosales,0,15.8954179,120.6433717
4599921.0,3.0,2.0,120.0,197.0,Binmaley,0,16.0356492,120.2699126
6719660.0,5.0,3.0,205.0,251.0,Binmaley,0,16.0393378,120.256952
4476341.0,4.0,2.0,112.0,177.0,Alaminos,0,16.1452519,119.9884935
6526776.0,5.0,5.0,160.0,232.0,Binmaley,0,16.0432142,120.2652469
2728438.0,3.0,2.0,81.0,124.0,Pozorrubio,0,16.1031605,120.5307725
3031496.0,3.0,3.0,78.0,116.0,San Fabian,0,16.1319652,120.4032733
2797663.0,2.0,1.0,62.0,135.0,Alaminos,0,16.1649068,119.9838664
3540938.0,3.0,2.0,84.0,107.0,Dagupan,0,16.0474686,120.3369843
3428442.0,2.0,1.0,82.0,138.0,Dagupan,0,16.0370382,120.3183469
3455501.0,3.0,1.0,81.0,134.0,Urdaneta,0,15.9894021,120.5720225
5214960.0,5.0,4.0,130.0,190.0,Pozorrubio,0,16.1012095,120.5282873
6325411.0,3.0,1.0,135.0,161.0,Dagupan,0,16.0323023,120.328869
6584240.0,5.0,3.0,200.0,260.0,San Fabian,0,16.111093,120.4124857
3391663.0,3.0,3.0,93.0,169.0,Alaminos,0,16.1647011,119.9810615
6483548.0,4.0,4.0,180.0,212.0,Pozorrubio,0,16.1194642,120.5292341
3651408.0,2.0,1.0,76.0,152.0,Calasiao,0,16.0193391,120.3551993
4803427.0,4.0,2.0,132.0,203.0,Binmaley,0,16.0176678,120.2708736
4211050.0,4.0,4.0,108.0,148.0,San Carlos,0,15.9255775,120.3554299
4344414.0,4.0,3.0,104.0,170.0,Santa Barbara,0,15.9951367,120.4166008
4525250.0,4.0,2.0,120.0,200.0,Dagupan,0,16.0537601,120.3386427
3596058.0,2.0,2.0,90.0,133.0,Alaminos,0,16.165184,119.9665716
5801428.0,4.0,3.0,156.0,224.0,San Fabian,0,16.1133309,120.4002085
3169096.0,3.0,3.0,75.0,142.0,San Fabian,0,16.1247324,120.4166063
8739362.0,5.0,5.0,220.0,258.0,Lingayen,0,16.0090791,120.2420848
2801958.0,2.0,1.0,70.0,132.0,San Carlos,0,15.9286999,120.3426109
4398041.0,4.0,2.0,128.0,155.0,San Carlos,0,15.9193021,120.3487207
4524492.0,5.0,3.0,145.0,204.0,Pozorrubio,0,16.1028787,120.5577879
4585131.0,5.0,3.0,135.0,163.0,Binmaley,0,16.0287992,120.2732033
4228326.0,3.0,2.0,123.0,201.0,San Carlos,0,15.9277431,120.3430237
4881063.0,4.0,2.0,136.0,210.0,Calasiao,0,15.9983891,120.3722905
4224528.0,2.0,1.0,90.0,120.0,San Carlos,0,15.9168258,120.353662
2243014.0,2.0,2.0,54.0,76.0,Rosales,0,15.8966339,120.6438088
7880378.0,5.0,3.0,210.0,248.0,Rosales,0,15.8844463,120.6450205
2318013.0,2.0,1.0,52.0,82.0,Lingayen,0,16.0199275,120.2226207
5244816.0,4.0,2.0,144.0,189.0,San Carlos,0,15.9276494,120.3370855
3869006.0,4.0,3.0,128.0,157.0,Binmaley,0,16.0240064,120.2643245
4777092.0,3.0,2.0,129.0,195.0,Manaoag,0,16.0504936,120.487748
3986700.0,4.0,3.0,100.0,125.0,Binmaley,0,16.0290169,120.2600219
3559206.0,2.0,1.0,80.0,138.0,Calasiao,0,16.0086007,120.3690152
5263257.0,4.0,3.0,144.0,166.0,San Carlos,0,15.9293084,120.3397397
8362297.0,5.0,3.0,195.0,263.0,Lingayen,0,16.0301593,120.2351972
3844171.0,2.0,1.0,72.0,142.0,Dagupan,0,16.0564685,120.340949
2138112.0,2.0,2.0,52.0,80.0,Rosales,0,15.89268,120.6252682
6324293.0,4.0,4.0,148.0,207.0,San Carlos,0,15.9222912,120.3587487
6142152.0,5.0,5.0,180.0,221.0,Binmaley,0,16.0328111,120.2767026
9952970.0,5.0,4.0,225.0,295.0,Santa Barbara,0,15.9937263,120.3887407
3894114.0,3.0,1.0,96.0,118.0,San Carlos,0,15.9179235,120.3471312
4949928.0,3.0,2.0,123.0,192.0,San Carlos,0,15.9333733,120.3494605
6471250.0,5.0,4.0,150.0,199.0,Calasiao,0,16.0088882,120.3638761
6449545.0,5.0,5.0,160.0,197.0,Santa Barbara,0,15.993646,120.4163873
4840440.0,3.0,1.0,120.0,160.0,Villasis,0,15.9032146,120.6008346
3562473.0,2.0,1.0,84.0,128.0,Lingayen,0,16.0340383,120.2406385
3284114.0,2.0,1.0,78.0,139.0,Alaminos,0,16.1431196,119.9904386
5558088.0,3.0,3.0,132.0,199.0,Pozorrubio,0,16.1008737,120.547895
3382673.0,2.0,2.0,76.0,117.0,Urdaneta,0,15.9812358,120.559824
8368517.0,5.0,4.0,225.0,257.0,San Carlos,0,15.9207625,120.3356749
3100427.0,2.0,2.0,76.0,152.0,Dagupan,0,16.0582152,120.3302098
3041320.0,2.0,2.0,68.0,124.0,San Carlos,0,15.9400536,120.3439513
3855591.0,3.0,1.0,117.0,154.0,San Fabian,0,16.1191205,120.4111336
3390922.0,2.0,1.0,70.0,140.0,Lingayen,0,16.025632,120.2222948
6155425.0,5.0,3.0,175.0,200.0,San Fabian,0,16.1147434,120.3934184
5440732.0,4.0,3.0,128.0,176.0,Urdaneta,0,15.9698584,120.5773865
3264605.0,3.0,3.0,84.0,133.0,Lingayen,0,16.0175625,120.2315756
2496269.0,2.0,1.0,68.0,111.0,Villasis,0,15.9151208,120.5871455
8948004.0,5.0,3.0,210.0,288.0,Santa Barbara,0,16.0109598,120.4119681
7855898.0,5.0,3.0,180.0,204.0,Urdaneta,0,15.9626527,120.5721295
4695236.0,3.0,2.0,123.0,171.0,Urdaneta,0,15.9823075,120.5703648
8458589.0,5.0,5.0,205.0,251.0,Binmaley,0,16.0170321,120.2666713
5319041.0,5.0,4.0,125.0,192.0,Lingayen,0,16.0075909,120.2292109
2386199.0,2.0,1.0,52.0,90.0,Dagupan,0,16.0513692,120.3412748
6262491.0,4.0,3.0,156.0,231.0,San Fabian,0,16.1116075,120.4181243
5036448.0,4.0,4.0,120.0,174.0,Pozorrubio,0,16.0974204,120.5571617
6903125.0,4.0,3.0,168.0,215.0,Alaminos,0,16.1614008,119.9730254
3116904.0,3.0,1.0,84.0,106.0,San Carlos,0,15.91942,120.3359187
2189075.0,2.0,2.0,52.0,97.0,Alaminos,0,16.1528928,119.9882316
7509668.0,4.0,4.0,172.0,212.0,Alaminos,0,16.1598761,119.9901515
3858367.0,3.0,2.0,102.0,139.0,Lingayen,0,16.0338556,120.2428914
7500880.0,5.0,5.0,180.0,260.0,San Fabian,0,16.118762,120.4016897
4451795.0,3.0,1.0,120.0,155.0,Lingayen,0,16.0311262,120.2208306
7442852.0,5.0,3.0,205.0,233.0,Alaminos,0,16.1443499,119.9755079
2324241.0,2.0,1.0,62.0,85.0,Binmaley,0,16.0355102,120.2708877
4382027.0,3.0,2.0,93.0,168.0,Dagupan,0,16.0570106,120.31876
7927965.0,5.0,5.0,220.0,285.0,Santa Barbara,0,16.0143538,120.4037624
8393530.0,5.0,3.0,225.0,267.0,Lingayen,0,16.0161893,120.2429844
5903272.0,4.0,4.0,144.0,184.0,Dagupan,0,16.0451757,120.3249382
5192048.0,5.0,4.0,145.0,177.0,Alaminos,0,16.1480952,119.9906009
7574085.0,4.0,3.0,180.0,247.0,Pozorrubio,0,16.098647,120.5516493
5210736.0,3.0,1.0,135.0,158.0,San Carlos,0,15.9373721,120.3361299
2223714.0,2.0,1.0,58.0,131.0,San Fabian,0,16.1304151,120.3894742
4059832.0,2.0,1.0,90.0,152.0,Binmaley,0,16.015772,120.2687664
5449747.0,4.0,2.0,136.0,157.0,Alaminos,0,16.160885,119.9928932
5648656.0,3.0,3.0,132.0,185.0,Dagupan,0,16.0363197,120.3302069
2948685.0,3.0,1.0,96.0,135.0,Manaoag,0,16.030405,120.4841779
2538430.0,2.0,1.0,60.0,85.0,Binmaley,0,16.0346472,120.2627381
5030201.0,3.0,3.0,129.0,179.0,Dagupan,0,16.0560248,120.3388329
3038823.0,3.0,2.0,75.0,108.0,Pozorrubio,0,16.1161676,120.5491813
4780614.0,3.0,1.0,96.0,152.0,Dagupan,0,16.0382519,120.3409683
